t, x
0.00000,10.00000
0.00000,10.15901
0.01000,9.94647
0.02000,9.79006
0.03000,9.76636
0.04000,9.68552
0.05000,9.76420
0.06000,9.72942
0.07000,9.92017
0.08000,9.54996
0.09000,9.52761
0.10000,9.52788
0.11000,9.56656
0.12000,9.51945
0.13000,9.44238
0.14000,9.43274
0.15000,9.49333
0.16000,9.45729
0.17000,9.52090
0.18000,9.48219
0.19000,9.51792
0.20000,9.57246
0.21000,9.61689
0.22000,9.53592
0.23000,9.55072
0.24000,9.61274
0.25000,9.54153
0.26000,9.48151
0.27000,9.45120
0.28000,9.40659
0.29000,9.44232
0.30000,9.46814
0.31000,9.34105
0.32000,9.48772
0.33000,9.40439
0.34000,9.28109
0.35000,9.27297
0.36000,9.33007
0.37000,9.37116
0.38000,9.35725
0.39000,9.36047
0.40000,9.57620
0.41000,9.48725
0.42000,9.35599
0.43000,9.57223
0.44000,9.60077
0.45000,9.35187
0.46000,9.36135
0.47000,9.35093
0.48000,9.26615
0.49000,9.15292
0.50000,9.06892
0.51000,9.19662
0.52000,9.45524
0.53000,9.40903
0.54000,9.45140
0.55000,9.50087
0.56000,9.33151
0.57000,9.41487
0.58000,9.49883
0.59000,9.45472
0.60000,9.35689
0.61000,9.24967
0.62000,9.36189
0.63000,9.37331
0.64000,9.22688
0.65000,8.98606
0.66000,9.11734
0.67000,9.13523
0.68000,9.22380
0.69000,9.12467
0.70000,9.08747
0.71000,8.95877
0.72000,8.89411
0.73000,8.86833
0.74000,8.86531
0.75000,9.02923
0.76000,9.05838
0.77000,9.01394
0.78000,8.92936
0.79000,8.87127
0.80000,8.92663
0.81000,9.07265
0.82000,8.98463
0.83000,9.11101
0.84000,8.93894
0.85000,9.08991
0.86000,8.92200
0.87000,8.85850
0.88000,8.89144
0.89000,8.75753
0.90000,8.76662
0.91000,8.87643
0.92000,8.83915
0.93000,8.90702
0.94000,8.69959
0.95000,8.72435
0.96000,8.76176
0.97000,8.65004
0.98000,8.48540
0.99000,8.39060
1.00000,8.51194
1.01000,8.55475
1.02000,8.47241
1.03000,8.41165
1.04000,8.35371
1.05000,8.27043
1.06000,8.28216
1.07000,8.31534
1.08000,8.36524
1.09000,8.55093
1.10000,8.33739
1.11000,8.33052
1.12000,8.23914
1.13000,8.29922
1.14000,8.25381
1.15000,8.17975
1.16000,8.32591
1.17000,8.34539
1.18000,8.29056
1.19000,8.13676
1.20000,8.07688
1.21000,8.12513
1.22000,8.33026
1.23000,8.41247
1.24000,8.35664
1.25000,8.56894
1.26000,8.44054
1.27000,8.29336
1.28000,8.23226
1.29000,8.06220
1.30000,8.06808
1.31000,8.01522
1.32000,7.90449
1.33000,7.94424
1.34000,7.88400
1.35000,7.87764
1.36000,7.92132
1.37000,7.93863
1.38000,7.88759
1.39000,7.77407
1.40000,7.68734
1.41000,7.58127
1.42000,7.56594
1.43000,7.65655
1.44000,7.51981
1.45000,7.50224
1.46000,7.46851
1.47000,7.52981
1.48000,7.52346
1.49000,7.48004
1.50000,7.52071
1.51000,7.61603
1.52000,7.75980
1.53000,7.80340
1.54000,7.91270
1.55000,7.75936
1.56000,7.86933
1.57000,7.79425
1.58000,7.79972
1.59000,7.69807
1.60000,7.58766
1.61000,7.72257
1.62000,7.62602
1.63000,7.65235
1.64000,7.79963
1.65000,7.89052
1.66000,7.90659
1.67000,7.93472
1.68000,7.98226
1.69000,7.93967
1.70000,7.75016
1.71000,7.83408
1.72000,7.76229
1.73000,7.82016
1.74000,7.69583
1.75000,7.80873
1.76000,7.83686
1.77000,7.82410
1.78000,7.75221
1.79000,8.01994
1.80000,7.95552
1.81000,7.91128
1.82000,8.05702
1.83000,8.12084
1.84000,8.12443
1.85000,7.99126
1.86000,8.02542
1.87000,8.10520
1.88000,7.94210
1.89000,7.92265
1.90000,7.88349
1.91000,7.85940
1.92000,7.76895
1.93000,7.77897
1.94000,7.78081
1.95000,7.90323
1.96000,7.94858
1.97000,7.85274
1.98000,7.69967
1.99000,7.90118
2.00000,7.82530
2.01000,7.93900
2.02000,7.90398
2.03000,7.80998
2.04000,7.70193
2.05000,7.80334
2.06000,7.73325
2.07000,7.76850
2.08000,7.89577
2.09000,7.88691
2.10000,7.82977
2.11000,7.73566
2.12000,7.59438
2.13000,7.62852
2.14000,7.42448
2.15000,7.41299
2.16000,7.28387
2.17000,7.10106
2.18000,7.09995
2.19000,7.11447
2.20000,7.24429
2.21000,7.26068
2.22000,7.09874
2.23000,7.02395
2.24000,7.05324
2.25000,7.07451
2.26000,7.23187
2.27000,7.08619
2.28000,7.09134
2.29000,7.07626
2.30000,6.96044
2.31000,7.01734
2.32000,6.92969
2.33000,6.99393
2.34000,6.91193
2.35000,6.82844
2.36000,6.92257
2.37000,6.82597
2.38000,6.82438
2.39000,6.80743
2.40000,6.89595
2.41000,6.83010
2.42000,6.79456
2.43000,6.68888
2.44000,6.60054
2.45000,6.87096
2.46000,7.03988
2.47000,6.83471
2.48000,6.96479
2.49000,7.00368
2.50000,7.03783
2.51000,7.04103
2.52000,6.92633
2.53000,6.79226
2.54000,6.69604
2.55000,6.65435
2.56000,6.64879
2.57000,6.61505
2.58000,6.68387
2.59000,6.62314
2.60000,6.62148
2.61000,6.77406
2.62000,6.78821
2.63000,6.70741
2.64000,6.79966
2.65000,6.98177
2.66000,7.05708
2.67000,7.05025
2.68000,7.13629
2.69000,7.12156
2.70000,7.16100
2.71000,7.15636
2.72000,7.10927
2.73000,7.18986
2.74000,7.15804
2.75000,7.17112
2.76000,7.08838
2.77000,7.02716
2.78000,7.07214
2.79000,7.16163
2.80000,7.27241
2.81000,7.06898
2.82000,7.00587
2.83000,7.01800
2.84000,7.05355
2.85000,7.00862
2.86000,7.05746
2.87000,7.14954
2.88000,7.17723
2.89000,7.19084
2.90000,7.30602
2.91000,7.35819
2.92000,7.39155
2.93000,7.40254
2.94000,7.38455
2.95000,7.37101
2.96000,7.42775
2.97000,7.44271
2.98000,7.48559
2.99000,7.65094
3.00000,7.67574
3.01000,7.76118
3.02000,7.88715
3.03000,8.03106
3.04000,8.11133
3.05000,8.18906
3.06000,8.26598
3.07000,8.29860
3.08000,8.28815
3.09000,8.40928
3.10000,8.49611
3.11000,8.43504
3.12000,8.49227
3.13000,8.38389
3.14000,8.52455
3.15000,8.54697
3.16000,8.55414
3.17000,8.61950
3.18000,8.72191
3.19000,8.61849
3.20000,8.67245
3.21000,8.66592
3.22000,8.66652
3.23000,8.68356
3.24000,8.55320
3.25000,8.61721
3.26000,8.58752
3.27000,8.65642
3.28000,8.72628
3.29000,8.63015
3.30000,8.55615
3.31000,8.62457
3.32000,8.61793
3.33000,8.49258
3.34000,8.25807
3.35000,8.24363
3.36000,8.20493
3.37000,8.07954
3.38000,8.08517
3.39000,8.10217
3.40000,8.03400
3.41000,7.83835
3.42000,7.83530
3.43000,7.86002
3.44000,7.88367
3.45000,7.88745
3.46000,8.05471
3.47000,7.99634
3.48000,7.87773
3.49000,7.82291
3.50000,7.95734
3.51000,7.95348
3.52000,7.68772
3.53000,7.70564
3.54000,7.53402
3.55000,7.47654
3.56000,7.59511
3.57000,7.49827
3.58000,7.42419
3.59000,7.41647
3.60000,7.51171
3.61000,7.51108
3.62000,7.56886
3.63000,7.49084
3.64000,7.53592
3.65000,7.47152
3.66000,7.50943
3.67000,7.42085
3.68000,7.45890
3.69000,7.47701
3.70000,7.44100
3.71000,7.42154
3.72000,7.51123
3.73000,7.50286
3.74000,7.52805
3.75000,7.49464
3.76000,7.37118
3.77000,7.37174
3.78000,7.42597
3.79000,7.52384
3.80000,7.70539
3.81000,7.69712
3.82000,7.87773
3.83000,7.83476
3.84000,7.83383
3.85000,7.72503
3.86000,7.99582
3.87000,7.92787
3.88000,8.17410
3.89000,8.22893
3.90000,8.28748
3.91000,8.49952
3.92000,8.41346
3.93000,8.30338
3.94000,8.36975
3.95000,8.27604
3.96000,8.09744
3.97000,8.01849
3.98000,7.97369
3.99000,7.93306
4.00000,8.04018
4.01000,7.97166
4.02000,7.92933
4.03000,8.00342
4.04000,8.04470
4.05000,7.98234
4.06000,7.92381
4.07000,8.03322
4.08000,8.16364
4.09000,8.15260
4.10000,8.27103
4.11000,8.27062
4.12000,8.27513
4.13000,8.13647
4.14000,8.16426
4.15000,8.13534
4.16000,8.22956
4.17000,8.35544
4.18000,8.18337
4.19000,8.10111
4.20000,8.17104
4.21000,8.18179
4.22000,8.11950
4.23000,8.27492
4.24000,8.39237
4.25000,8.39660
4.26000,8.42482
4.27000,8.43522
4.28000,8.56339
4.29000,8.55175
4.30000,8.57853
4.31000,8.66907
4.32000,8.49749
4.33000,8.51385
4.34000,8.57278
4.35000,8.68434
4.36000,8.66152
4.37000,8.62457
4.38000,8.70423
4.39000,8.88829
4.40000,8.92060
4.41000,8.77916
4.42000,8.76719
4.43000,8.61577
4.44000,8.59798
4.45000,8.54495
4.46000,8.43941
4.47000,8.34202
4.48000,8.32286
4.49000,8.30783
4.50000,8.17604
4.51000,8.00130
4.52000,7.86935
4.53000,7.78840
4.54000,7.81339
4.55000,7.78216
4.56000,7.83196
4.57000,7.80745
4.58000,7.75043
4.59000,7.76872
4.60000,7.75744
4.61000,7.66161
4.62000,7.70851
4.63000,7.47766
4.64000,7.56472
4.65000,7.45645
4.66000,7.53627
4.67000,7.48550
4.68000,7.71795
4.69000,7.70762
4.70000,7.76666
4.71000,7.80733
4.72000,7.67661
4.73000,7.69553
4.74000,7.68974
4.75000,7.68746
4.76000,7.85791
4.77000,7.93185
4.78000,7.85657
4.79000,7.80536
4.80000,7.74217
4.81000,7.73875
4.82000,7.74519
4.83000,7.79473
4.84000,7.71245
4.85000,7.71764
4.86000,7.62353
4.87000,7.54344
4.88000,7.43749
4.89000,7.39937
4.90000,7.45449
4.91000,7.48642
4.92000,7.53804
4.93000,7.60425
4.94000,7.67298
4.95000,7.81587
4.96000,7.66731
4.97000,7.63988
4.98000,7.60523
4.99000,7.78488
5.00000,7.73811
5.01000,7.69837
5.02000,7.80125
5.03000,7.61450
5.04000,7.44184
5.05000,7.51194
5.06000,7.44063
5.07000,7.33807
5.08000,7.22109
5.09000,7.32707
5.10000,7.20974
5.11000,7.33671
5.12000,7.31749
5.13000,7.32620
5.14000,7.34065
5.15000,7.43838
5.16000,7.47776
5.17000,7.54330
5.18000,7.52347
5.19000,7.57571
5.20000,7.66959
5.21000,7.62500
5.22000,7.51090
5.23000,7.65349
5.24000,7.70559
5.25000,7.59157
5.26000,7.71240
5.27000,7.78154
5.28000,7.74245
5.29000,7.65883
5.30000,7.68466
5.31000,7.55613
5.32000,7.60044
5.33000,7.54223
5.34000,7.54162
5.35000,7.64249
5.36000,7.59592
5.37000,7.57603
5.38000,7.54853
5.39000,7.56983
5.40000,7.63776
5.41000,7.74659
5.42000,7.65225
5.43000,7.58627
5.44000,7.59641
5.45000,7.61149
5.46000,7.55681
5.47000,7.39263
5.48000,7.46606
5.49000,7.45465
5.50000,7.38680
5.51000,7.49058
5.52000,7.49822
5.53000,7.37826
5.54000,7.41316
5.55000,7.33904
5.56000,7.37462
5.57000,7.28935
5.58000,7.37630
5.59000,7.46646
5.60000,7.80782
5.61000,7.71077
5.62000,7.63741
5.63000,7.55889
5.64000,7.50339
5.65000,7.46611
5.66000,7.40310
5.67000,7.35496
5.68000,7.43943
5.69000,7.46340
5.70000,7.37980
5.71000,7.45867
5.72000,7.32256
5.73000,7.42551
5.74000,7.59717
5.75000,7.52128
5.76000,7.56331
5.77000,7.36359
5.78000,7.29987
5.79000,7.28600
5.80000,7.17806
5.81000,7.10985
5.82000,7.17648
5.83000,7.05545
5.84000,7.18046
5.85000,7.17777
5.86000,7.22220
5.87000,7.32833
5.88000,7.40531
5.89000,7.41347
5.90000,7.43968
5.91000,7.47812
5.92000,7.57351
5.93000,7.61306
5.94000,7.68234
5.95000,7.81347
5.96000,7.89080
5.97000,7.83519
5.98000,7.90644
5.99000,7.71392
6.00000,7.65578
6.01000,7.60396
6.02000,7.44604
6.03000,7.44111
6.04000,7.44796
6.05000,7.47639
6.06000,7.44761
6.07000,7.37734
6.08000,7.26359
6.09000,7.04699
6.10000,7.07252
6.11000,7.13235
6.12000,7.19920
6.13000,7.22084
6.14000,7.33141
6.15000,7.14671
6.16000,7.21231
6.17000,7.20297
6.18000,7.20053
6.19000,7.36581
6.20000,7.51686
6.21000,7.44251
6.22000,7.35824
6.23000,7.46560
6.24000,7.41539
6.25000,7.36832
6.26000,7.34863
6.27000,7.25234
6.28000,7.33093
6.29000,7.20149
6.30000,7.12513
6.31000,7.17444
6.32000,7.15206
6.33000,7.09523
6.34000,7.07111
6.35000,6.95301
6.36000,7.19688
6.37000,7.07669
6.38000,7.03198
6.39000,7.07011
6.40000,6.96310
6.41000,7.00857
6.42000,7.27696
6.43000,7.45856
6.44000,7.49145
6.45000,7.66631
6.46000,7.77345
6.47000,7.66013
6.48000,7.56122
6.49000,7.73980
6.50000,7.69866
6.51000,7.67263
6.52000,7.69840
6.53000,7.74886
6.54000,7.82172
6.55000,7.81689
6.56000,7.87609
6.57000,7.69184
6.58000,7.61231
6.59000,7.74770
6.60000,7.55252
6.61000,7.72730
6.62000,7.80125
6.63000,7.94895
6.64000,7.97002
6.65000,7.87672
6.66000,7.71216
6.67000,7.74878
6.68000,7.94375
6.69000,7.82435
6.70000,7.81342
6.71000,7.89738
6.72000,7.84065
6.73000,7.86239
6.74000,7.95498
6.75000,8.02893
6.76000,8.06471
6.77000,8.10985
6.78000,8.07701
6.79000,8.06275
6.80000,8.09139
6.81000,7.91607
6.82000,8.08170
6.83000,8.04646
6.84000,8.06978
6.85000,8.11662
6.86000,8.09881
6.87000,8.11593
6.88000,8.07613
6.89000,8.24549
6.90000,8.10581
6.91000,8.11391
6.92000,8.01837
6.93000,8.11680
6.94000,8.17482
6.95000,8.16784
6.96000,8.18647
6.97000,8.01215
6.98000,7.94898
6.99000,7.87642
7.00000,7.82000
7.01000,7.67002
7.02000,7.58824
7.03000,7.54623
7.04000,7.69836
7.05000,7.56417
7.06000,7.49032
7.07000,7.57682
7.08000,7.49267
7.09000,7.54929
7.10000,7.69579
7.11000,7.57346
7.12000,7.63169
7.13000,7.50819
7.14000,7.56916
7.15000,7.58226
7.16000,7.57375
7.17000,7.56558
7.18000,7.62625
7.19000,7.74125
7.20000,7.74548
7.21000,7.80182
7.22000,7.76830
7.23000,7.59898
7.24000,7.64810
7.25000,7.61874
7.26000,7.62519
7.27000,7.67537
7.28000,7.58042
7.29000,7.54931
7.30000,7.69296
7.31000,7.68315
7.32000,7.65257
7.33000,7.61088
7.34000,7.59250
7.35000,7.56156
7.36000,7.34987
7.37000,7.34020
7.38000,7.19783
7.39000,7.02165
7.40000,7.05124
7.41000,6.96002
7.42000,6.88374
7.43000,6.87840
7.44000,6.94326
7.45000,6.75435
7.46000,6.60942
7.47000,6.60649
7.48000,6.71586
7.49000,6.59218
7.50000,6.40774
7.51000,6.35266
7.52000,6.26370
7.53000,6.36580
7.54000,6.36218
7.55000,6.26113
7.56000,6.19033
7.57000,6.21823
7.58000,6.33326
7.59000,6.30864
7.60000,6.22246
7.61000,6.39755
7.62000,6.30695
7.63000,6.18371
7.64000,6.07909
7.65000,5.96733
7.66000,5.95712
7.67000,5.98990
7.68000,5.91878
7.69000,6.02114
7.70000,6.02113
7.71000,6.17476
7.72000,6.03668
7.73000,6.02053
7.74000,6.02584
7.75000,6.01457
7.76000,5.94187
7.77000,5.96578
7.78000,6.00338
7.79000,5.99504
7.80000,6.03695
7.81000,5.90934
7.82000,5.80936
7.83000,5.92783
7.84000,5.86114
7.85000,5.77886
7.86000,5.68255
7.87000,5.59157
7.88000,5.53924
7.89000,5.55153
7.90000,5.70886
7.91000,5.57426
7.92000,5.53332
7.93000,5.61473
7.94000,5.69858
7.95000,5.70578
7.96000,5.84873
7.97000,5.85633
7.98000,5.84923
7.99000,5.83381
8.00000,5.80243
8.01000,5.72083
8.02000,5.60345
8.03000,5.48907
8.04000,5.42654
8.05000,5.58404
8.06000,5.63390
8.07000,5.69446
8.08000,5.77058
8.09000,5.68757
8.10000,5.84481
8.11000,5.81919
8.12000,5.77416
8.13000,5.67316
8.14000,5.72531
8.15000,5.53438
8.16000,5.63621
8.17000,5.68101
8.18000,5.73047
8.19000,5.59490
8.20000,5.62170
8.21000,5.79926
8.22000,5.86272
8.23000,5.80214
8.24000,5.81782
8.25000,5.85579
8.26000,5.86473
8.27000,5.67458
8.28000,5.61265
8.29000,5.57588
8.30000,5.57043
8.31000,5.70133
8.32000,5.98551
8.33000,6.04810
8.34000,6.01228
8.35000,6.08346
8.36000,5.99676
8.37000,6.02129
8.38000,5.98523
8.39000,5.87487
8.40000,5.85173
8.41000,5.77170
8.42000,5.88122
8.43000,5.89302
8.44000,5.86740
8.45000,5.90392
8.46000,5.95419
8.47000,5.93162
8.48000,5.93793
8.49000,5.88548
8.50000,5.96048
8.51000,6.00480
8.52000,5.98937
8.53000,5.95440
8.54000,5.93787
8.55000,5.84389
8.56000,5.79758
8.57000,5.92868
8.58000,5.83314
8.59000,5.80495
8.60000,5.87545
8.61000,6.00921
8.62000,6.06382
8.63000,5.98008
8.64000,5.99049
8.65000,5.96157
8.66000,5.70900
8.67000,5.83938
8.68000,5.98166
8.69000,5.91108
8.70000,5.80442
8.71000,5.81182
8.72000,5.81477
8.73000,5.80632
8.74000,5.81116
8.75000,5.64785
8.76000,5.69380
8.77000,5.69385
8.78000,5.71490
8.79000,5.63023
8.80000,5.71288
8.81000,5.73105
8.82000,5.68145
8.83000,5.90238
8.84000,5.90268
8.85000,5.90918
8.86000,5.97279
8.87000,5.99059
8.88000,5.90762
8.89000,5.96343
8.90000,5.91941
8.91000,6.02264
8.92000,6.17138
8.93000,6.23265
8.94000,6.32128
8.95000,6.28859
8.96000,6.31818
8.97000,6.32963
8.98000,6.19102
8.99000,6.29312
9.00000,6.35949
9.01000,6.28011
9.02000,6.28776
9.03000,6.08568
9.04000,6.06471
9.05000,5.90216
9.06000,5.96878
9.07000,5.79259
9.08000,5.83780
9.09000,5.81160
9.10000,5.82286
9.11000,5.87241
9.12000,5.86081
9.13000,5.76933
9.14000,5.70202
9.15000,5.70246
9.16000,5.77255
9.17000,5.78175
9.18000,5.76044
9.19000,5.77981
9.20000,5.63993
9.21000,5.74921
9.22000,5.71020
9.23000,5.75868
9.24000,5.75887
9.25000,5.81678
9.26000,5.87278
9.27000,5.79507
9.28000,5.73553
9.29000,5.80235
9.30000,5.82493
9.31000,6.03936
9.32000,5.82592
9.33000,5.82584
9.34000,5.81262
9.35000,5.70802
9.36000,5.83585
9.37000,5.76831
9.38000,5.66110
9.39000,5.67257
9.40000,5.51137
9.41000,5.41853
9.42000,5.41756
9.43000,5.72787
9.44000,5.78506
9.45000,5.71454
9.46000,5.75741
9.47000,5.84086
9.48000,5.84776
9.49000,5.84085
9.50000,5.82397
9.51000,5.92655
9.52000,5.80409
9.53000,5.53407
9.54000,5.56807
9.55000,5.50112
9.56000,5.51942
9.57000,5.35296
9.58000,5.39341
9.59000,5.46581
9.60000,5.44270
9.61000,5.35088
9.62000,5.29934
9.63000,5.29186
9.64000,5.25855
9.65000,5.29494
9.66000,5.21918
9.67000,5.27661
9.68000,5.39429
9.69000,5.35730
9.70000,5.61857
9.71000,5.69898
9.72000,5.73636
9.73000,5.72804
9.74000,5.72908
9.75000,5.68329
9.76000,5.55854
9.77000,5.50104
9.78000,5.35348
9.79000,5.39454
9.80000,5.39383
9.81000,5.38634
9.82000,5.33481
9.83000,5.23538
9.84000,5.16690
9.85000,5.29977
9.86000,5.21073
9.87000,5.25750
9.88000,5.35389
9.89000,5.13758
9.90000,5.15084
9.91000,5.22483
9.92000,5.24504
9.93000,5.30090
9.94000,5.27832
9.95000,5.15745
9.96000,5.09302
9.97000,5.00830
9.98000,5.03795
9.99000,5.16004
10.00000,5.08604
10.01000,4.95637
10.02000,4.98189
10.03000,4.94505
10.04000,4.91995
10.05000,5.00959
10.06000,5.08685
10.07000,5.08094
10.08000,4.95373
10.09000,4.82263
10.10000,4.92114
10.11000,5.00138
10.12000,5.00732
10.13000,4.91031
10.14000,4.86319
10.15000,4.84304
10.16000,4.79113
10.17000,4.92446
10.18000,4.69157
10.19000,4.72243
10.20000,4.69595
10.21000,4.64084
10.22000,4.71239
10.23000,4.68724
10.24000,4.73116
10.25000,4.77371
10.26000,4.70825
10.27000,4.66070
10.28000,4.59926
10.29000,4.63392
10.30000,4.83758
10.31000,4.85832
10.32000,4.93629
10.33000,5.06187
10.34000,5.20273
10.35000,5.41540
10.36000,5.32282
10.37000,5.25195
10.38000,5.12989
10.39000,5.10463
10.40000,4.99864
10.41000,5.17954
10.42000,5.08429
10.43000,5.39952
10.44000,5.47375
10.45000,5.51015
10.46000,5.39730
10.47000,5.38669
10.48000,5.53781
10.49000,5.51833
10.50000,5.48801
10.51000,5.59360
10.52000,5.55353
10.53000,5.47182
10.54000,5.59124
10.55000,5.41863
10.56000,5.54751
10.57000,5.49446
10.58000,5.44096
10.59000,5.40817
10.60000,5.14657
10.61000,5.15248
10.62000,5.04721
10.63000,5.04016
10.64000,4.97604
10.65000,4.90573
10.66000,4.90391
10.67000,4.85774
10.68000,4.82539
10.69000,4.84870
10.70000,4.72031
10.71000,4.72441
10.72000,4.86103
10.73000,4.84506
10.74000,4.90417
10.75000,4.73645
10.76000,4.74259
10.77000,4.68493
10.78000,4.70424
10.79000,4.81720
10.80000,4.88014
10.81000,4.89137
10.82000,4.95921
10.83000,4.94182
10.84000,4.91490
10.85000,4.89306
10.86000,4.73729
10.87000,4.83814
10.88000,4.88894
10.89000,4.76801
10.90000,4.87659
10.91000,5.04521
10.92000,5.06974
10.93000,5.06875
10.94000,4.97968
10.95000,5.23852
10.96000,5.02737
10.97000,5.17425
10.98000,5.25855
10.99000,5.29072
11.00000,5.28747
11.01000,5.19193
11.02000,5.04191
11.03000,5.01638
11.04000,4.88648
11.05000,4.87062
11.06000,4.87872
11.07000,4.85622
11.08000,4.78417
11.09000,4.72755
11.10000,4.69558
11.11000,4.78215
11.12000,4.88048
11.13000,4.93416
11.14000,4.82258
11.15000,4.76656
11.16000,4.74101
11.17000,4.79446
11.18000,4.61109
11.19000,4.54988
11.20000,4.54068
11.21000,4.41542
11.22000,4.17387
11.23000,4.22351
11.24000,4.16314
11.25000,4.12231
11.26000,4.28687
11.27000,4.46862
11.28000,4.37651
11.29000,4.23451
11.30000,4.30984
11.31000,4.32019
11.32000,4.26202
11.33000,4.22458
11.34000,4.23680
11.35000,4.22508
11.36000,4.12301
11.37000,4.01714
11.38000,4.12886
11.39000,4.21125
11.40000,4.09374
11.41000,4.06064
11.42000,4.04055
11.43000,4.11750
11.44000,4.26572
11.45000,4.38545
11.46000,4.41879
11.47000,4.63249
11.48000,4.55672
11.49000,4.53384
11.50000,4.57868
11.51000,4.65848
11.52000,4.68270
11.53000,4.46984
11.54000,4.35076
11.55000,4.39549
11.56000,4.22095
11.57000,4.35708
11.58000,4.28454
11.59000,4.48284
11.60000,4.61245
11.61000,4.56195
11.62000,4.56014
11.63000,4.60725
11.64000,4.76091
11.65000,4.69846
11.66000,4.49185
11.67000,4.50129
11.68000,4.42037
11.69000,4.58744
11.70000,4.56507
11.71000,4.58558
11.72000,4.24227
11.73000,4.34588
11.74000,4.18096
11.75000,4.07653
11.76000,4.11207
11.77000,3.96858
11.78000,3.82663
11.79000,3.81682
11.80000,3.83004
11.81000,3.85128
11.82000,3.81105
11.83000,3.87923
11.84000,3.90659
11.85000,4.10992
11.86000,3.96860
11.87000,3.81117
11.88000,4.01676
11.89000,4.00430
11.90000,3.99162
11.91000,4.05611
11.92000,4.01209
11.93000,3.94941
11.94000,4.13767
11.95000,4.01280
11.96000,4.04432
11.97000,4.11110
11.98000,4.18530
11.99000,4.22854
12.00000,4.24599
12.01000,4.14608
12.02000,4.02258
12.03000,4.02221
12.04000,4.15150
12.05000,4.28872
12.06000,4.25868
12.07000,4.60126
12.08000,4.41009
12.09000,4.53563
12.10000,4.50419
12.11000,4.68531
12.12000,4.63492
12.13000,4.44163
12.14000,4.36076
12.15000,4.42818
12.16000,4.34603
12.17000,4.52514
12.18000,4.59877
12.19000,4.61690
12.20000,4.43773
12.21000,4.43796
12.22000,4.39164
12.23000,4.45847
12.24000,4.45446
12.25000,4.53211
12.26000,4.41487
12.27000,4.40459
12.28000,4.41805
12.29000,4.43282
12.30000,4.36882
12.31000,4.33480
12.32000,4.35814
12.33000,4.21160
12.34000,4.18592
12.35000,4.18754
12.36000,3.98604
12.37000,4.09417
12.38000,4.01571
12.39000,4.06991
12.40000,4.04413
12.41000,4.04952
12.42000,4.08725
12.43000,4.19262
12.44000,4.20566
12.45000,4.28304
12.46000,4.22309
12.47000,4.17215
12.48000,4.27784
12.49000,4.12071
12.50000,4.10773
12.51000,3.89976
12.52000,4.09805
12.53000,4.00239
12.54000,3.97217
12.55000,4.04906
12.56000,4.19087
12.57000,4.22639
12.58000,4.29055
12.59000,4.44501
12.60000,4.31194
12.61000,4.36231
12.62000,4.37854
12.63000,4.37163
12.64000,4.16135
12.65000,4.12075
12.66000,4.29304
12.67000,4.40279
12.68000,4.64124
12.69000,4.63330
12.70000,4.46277
12.71000,4.40948
12.72000,4.26219
12.73000,4.31391
12.74000,4.44966
12.75000,4.59026
12.76000,4.46135
12.77000,4.44819
12.78000,4.47385
12.79000,4.45318
12.80000,4.38931
12.81000,4.27821
12.82000,4.28031
12.83000,4.35411
12.84000,4.44410
12.85000,4.36601
12.86000,4.26431
12.87000,4.26870
12.88000,4.20270
12.89000,4.22361
12.90000,4.10098
12.91000,4.20646
12.92000,4.17792
12.93000,4.15047
12.94000,4.10202
12.95000,4.20312
12.96000,4.23955
12.97000,4.04731
12.98000,4.09536
12.99000,3.96131
13.00000,3.81451
13.01000,3.80069
13.02000,3.80280
13.03000,3.97169
13.04000,4.02608
13.05000,4.27666
13.06000,4.23826
13.07000,4.36263
13.08000,4.24701
13.09000,4.15477
13.10000,4.03309
13.11000,3.99037
13.12000,3.81679
13.13000,3.60955
13.14000,3.63672
13.15000,3.57444
13.16000,3.68073
13.17000,3.56411
13.18000,3.47605
13.19000,3.43307
13.20000,3.22719
13.21000,3.25880
13.22000,3.17698
13.23000,3.22441
13.24000,3.30722
13.25000,3.32724
13.26000,3.43134
13.27000,3.48134
13.28000,3.49416
13.29000,3.58617
13.30000,3.51860
13.31000,3.46072
13.32000,3.43588
13.33000,3.38194
13.34000,3.21595
13.35000,3.24776
13.36000,3.21556
13.37000,3.17291
13.38000,3.11102
13.39000,3.01649
13.40000,3.00560
13.41000,3.08455
13.42000,3.17101
13.43000,3.27631
13.44000,3.11292
13.45000,3.10150
13.46000,3.09605
13.47000,3.14389
13.48000,3.29240
13.49000,3.22637
13.50000,3.21405
13.51000,3.34648
13.52000,3.45853
13.53000,3.52850
13.54000,3.61850
13.55000,3.72845
13.56000,3.58637
13.57000,3.44556
13.58000,3.40943
13.59000,3.46202
13.60000,3.39845
13.61000,3.47437
13.62000,3.48872
13.63000,3.40891
13.64000,3.62224
13.65000,3.61949
13.66000,3.65743
13.67000,3.79652
13.68000,3.88886
13.69000,3.96731
13.70000,3.86157
13.71000,4.04464
13.72000,4.09350
13.73000,4.16342
13.74000,4.27746
13.75000,4.12345
13.76000,4.14373
13.77000,3.99115
13.78000,3.88898
13.79000,4.02714
13.80000,3.94294
13.81000,4.08869
13.82000,3.96314
13.83000,4.01755
13.84000,4.04420
13.85000,4.03591
13.86000,4.07553
13.87000,4.25578
13.88000,4.24900
13.89000,4.11523
13.90000,4.22039
13.91000,4.10956
13.92000,4.03846
13.93000,4.00726
13.94000,3.92084
13.95000,4.05473
13.96000,3.99138
13.97000,4.07672
13.98000,3.99570
13.99000,3.81124
14.00000,3.75924
14.01000,3.78767
14.02000,3.69017
14.03000,3.62126
14.04000,3.68241
14.05000,3.75971
14.06000,3.80861
14.07000,3.84167
14.08000,3.88577
14.09000,3.97095
14.10000,4.03189
14.11000,4.11233
14.12000,4.14377
14.13000,4.28615
14.14000,4.43507
14.15000,4.32228
14.16000,4.19296
14.17000,4.29647
14.18000,4.30993
14.19000,4.28747
14.20000,4.31763
14.21000,4.25384
14.22000,4.20453
14.23000,4.43135
14.24000,4.45027
14.25000,4.46891
14.26000,4.34503
14.27000,4.27549
14.28000,4.27813
14.29000,4.35213
14.30000,4.33629
14.31000,4.45883
14.32000,4.55573
14.33000,4.62827
14.34000,4.71623
14.35000,4.72860
14.36000,4.85674
14.37000,4.93043
14.38000,4.86245
14.39000,4.87349
14.40000,4.88893
14.41000,4.90002
14.42000,4.86940
14.43000,4.87695
14.44000,4.92380
14.45000,4.90684
14.46000,4.99281
14.47000,5.07535
14.48000,5.11452
14.49000,4.95298
14.50000,4.88851
14.51000,4.92314
14.52000,4.94824
14.53000,5.02510
14.54000,5.19575
14.55000,5.32877
14.56000,5.24691
14.57000,5.38834
14.58000,5.44504
14.59000,5.49010
14.60000,5.55495
14.61000,5.74950
14.62000,5.70006
14.63000,5.72723
14.64000,5.78348
14.65000,5.89555
14.66000,5.85408
14.67000,5.87352
14.68000,5.88847
14.69000,5.95721
14.70000,5.80664
14.71000,5.90700
14.72000,5.87324
14.73000,5.87364
14.74000,5.90886
14.75000,5.81984
14.76000,5.77116
14.77000,5.82864
14.78000,5.86312
14.79000,5.65435
14.80000,5.64292
14.81000,5.68146
14.82000,5.68749
14.83000,5.51713
14.84000,5.50642
14.85000,5.56638
14.86000,5.59575
14.87000,5.52691
14.88000,5.60545
14.89000,5.62298
14.90000,5.48122
14.91000,5.50127
14.92000,5.58126
14.93000,5.34631
14.94000,5.36268
14.95000,5.55269
14.96000,5.42804
14.97000,5.52101
14.98000,5.46687
14.99000,5.56898
15.00000,5.58481
15.01000,5.66671
15.02000,5.76157
15.03000,5.73843
15.04000,5.87088
15.05000,5.80887
15.06000,5.97587
15.07000,6.01591
15.08000,6.05888
15.09000,6.16550
15.10000,6.17764
15.11000,6.23735
15.12000,6.00381
15.13000,6.09837
15.14000,6.05219
15.15000,5.86945
15.16000,5.88558
15.17000,5.89270
15.18000,6.12384
15.19000,6.03709
15.20000,6.08163
15.21000,6.12268
15.22000,6.15079
15.23000,6.08171
15.24000,6.18909
15.25000,6.06358
15.26000,6.01328
15.27000,5.98499
15.28000,6.04179
15.29000,6.08060
15.30000,6.02721
15.31000,6.03798
15.32000,5.96674
15.33000,6.06818
15.34000,6.19443
15.35000,6.34892
15.36000,6.20742
15.37000,6.08493
15.38000,5.95848
15.39000,5.95548
15.40000,5.94583
15.41000,5.83504
15.42000,5.83615
15.43000,5.83000
15.44000,5.69802
15.45000,5.67116
15.46000,5.63203
15.47000,5.70998
15.48000,5.82474
15.49000,5.84936
15.50000,5.86538
15.51000,5.68980
15.52000,5.56024
15.53000,5.44877
15.54000,5.30396
15.55000,5.36765
15.56000,5.15432
15.57000,5.24933
15.58000,5.25637
15.59000,5.30828
15.60000,5.19799
15.61000,5.27748
15.62000,5.34427
15.63000,5.37960
15.64000,5.24358
15.65000,5.01730
15.66000,4.98333
15.67000,5.04425
15.68000,5.11527
15.69000,5.14687
15.70000,5.26756
15.71000,5.43239
15.72000,5.32633
15.73000,5.31140
15.74000,5.45845
15.75000,5.47656
15.76000,5.47075
15.77000,5.49392
15.78000,5.53270
15.79000,5.48337
15.80000,5.45539
15.81000,5.39302
15.82000,5.32234
15.83000,5.26514
15.84000,5.13156
15.85000,5.16307
15.86000,5.19139
15.87000,5.17177
15.88000,5.15270
15.89000,5.11682
15.90000,5.13042
15.91000,5.03380
15.92000,4.93363
15.93000,5.05639
15.94000,5.02293
15.95000,5.11292
15.96000,5.00705
15.97000,4.89035
15.98000,4.81474
15.99000,4.65402
16.00000,4.62838
16.01000,4.70024
16.02000,4.88629
16.03000,4.82522
16.04000,4.81903
16.05000,4.80683
16.06000,4.78294
16.07000,4.83152
16.08000,4.84580
16.09000,4.74090
16.10000,4.49354
16.11000,4.29166
16.12000,4.43039
16.13000,4.36790
16.14000,4.48298
16.15000,4.48873
16.16000,4.75571
16.17000,4.69606
16.18000,4.66160
16.19000,4.66333
16.20000,4.61100
16.21000,4.53975
16.22000,4.50279
16.23000,4.43537
16.24000,4.41738
16.25000,4.26262
16.26000,4.14532
16.27000,4.02783
16.28000,4.00214
16.29000,4.13520
16.30000,4.14106
16.31000,4.10949
16.32000,3.95120
16.33000,3.90693
16.34000,4.05493
16.35000,3.93640
16.36000,3.93329
16.37000,3.96453
16.38000,3.99936
16.39000,4.08367
16.40000,4.25123
16.41000,4.32518
16.42000,4.19338
16.43000,4.11197
16.44000,4.27082
16.45000,4.13486
16.46000,4.01448
16.47000,4.01406
16.48000,4.03914
16.49000,3.93513
16.50000,3.92502
16.51000,3.84852
16.52000,3.84129
16.53000,3.87520
16.54000,3.97780
16.55000,4.02207
16.56000,3.98093
16.57000,4.03250
16.58000,3.98073
16.59000,3.96655
16.60000,3.96540
16.61000,3.82574
16.62000,3.63448
16.63000,3.53854
16.64000,3.54425
16.65000,3.53920
16.66000,3.62349
16.67000,3.68357
16.68000,3.81868
16.69000,3.94295
16.70000,3.94957
16.71000,3.74534
16.72000,3.68874
16.73000,3.54696
16.74000,3.47969
16.75000,3.34324
16.76000,3.21257
16.77000,3.20421
16.78000,3.14164
16.79000,3.21081
16.80000,3.02521
16.81000,2.95329
16.82000,2.94126
16.83000,3.01025
16.84000,2.98943
16.85000,2.89226
16.86000,2.77405
16.87000,2.72683
16.88000,2.66894
16.89000,2.60079
16.90000,2.60326
16.91000,2.59870
16.92000,2.54852
16.93000,2.46201
16.94000,2.33186
16.95000,2.47533
16.96000,2.36991
16.97000,2.38884
16.98000,2.32215
16.99000,2.36604
17.00000,2.31890
17.01000,2.24683
17.02000,2.33925
17.03000,2.49334
17.04000,2.38381
17.05000,2.47180
17.06000,2.45060
17.07000,2.55980
17.08000,2.61408
17.09000,2.79396
17.10000,2.84430
17.11000,2.88155
17.12000,2.75640
17.13000,2.66897
17.14000,2.72664
17.15000,2.73012
17.16000,2.72222
17.17000,2.50378
17.18000,2.61373
17.19000,2.66546
17.20000,2.84222
17.21000,2.88642
17.22000,2.80249
17.23000,2.88029
17.24000,2.91230
17.25000,2.97787
17.26000,3.07511
17.27000,3.19793
17.28000,3.20810
17.29000,3.16550
17.30000,3.16825
17.31000,3.16061
17.32000,3.14196
17.33000,3.12026
17.34000,3.08632
17.35000,2.88227
17.36000,2.99715
17.37000,2.94331
17.38000,3.00212
17.39000,2.77598
17.40000,2.75008
17.41000,2.72176
17.42000,2.61221
17.43000,2.63314
17.44000,2.56794
17.45000,2.60064
17.46000,2.63836
17.47000,2.72365
17.48000,2.69223
17.49000,2.47540
17.50000,2.48910
17.51000,2.48054
17.52000,2.56894
17.53000,2.60306
17.54000,2.69417
17.55000,2.72878
17.56000,2.79848
17.57000,2.70348
17.58000,2.66444
17.59000,2.58697
17.60000,2.59804
17.61000,2.71682
17.62000,2.85700
17.63000,2.84018
17.64000,3.09224
17.65000,3.05156
17.66000,2.96694
17.67000,2.99417
17.68000,3.00588
17.69000,3.14340
17.70000,2.97317
17.71000,3.09275
17.72000,2.95456
17.73000,2.87282
17.74000,2.91003
17.75000,2.98741
17.76000,2.79254
17.77000,2.82832
17.78000,2.95713
17.79000,2.96627
17.80000,2.83637
17.81000,2.73445
17.82000,2.63587
17.83000,2.53173
17.84000,2.50098
17.85000,2.39119
17.86000,2.53591
17.87000,2.51263
17.88000,2.45406
17.89000,2.37979
17.90000,2.47188
17.91000,2.42831
17.92000,2.46563
17.93000,2.51817
17.94000,2.50529
17.95000,2.57839
17.96000,2.51048
17.97000,2.40849
17.98000,2.56618
17.99000,2.75129
18.00000,2.65240
18.01000,2.71477
18.02000,2.76913
18.03000,2.68338
18.04000,2.48148
18.05000,2.37847
18.06000,2.43507
18.07000,2.28462
18.08000,2.30799
18.09000,2.35623
18.10000,2.24407
18.11000,2.33336
18.12000,2.43186
18.13000,2.44030
18.14000,2.48102
18.15000,2.41033
18.16000,2.36522
18.17000,2.68853
18.18000,2.67466
18.19000,2.55924
18.20000,2.66430
18.21000,2.63660
18.22000,2.70317
18.23000,2.67294
18.24000,2.84829
18.25000,2.89401
18.26000,2.77371
18.27000,2.81074
18.28000,2.95829
18.29000,2.95265
18.30000,3.10547
18.31000,2.87320
18.32000,2.96067
18.33000,2.81714
18.34000,2.77150
18.35000,2.68084
18.36000,2.68786
18.37000,2.54562
18.38000,2.57438
18.39000,2.63479
18.40000,2.56586
18.41000,2.62506
18.42000,2.51306
18.43000,2.58461
18.44000,2.54036
18.45000,2.40232
18.46000,2.34982
18.47000,2.33434
18.48000,2.28768
18.49000,2.08163
18.50000,2.18333
18.51000,2.11426
18.52000,2.16134
18.53000,2.11825
18.54000,2.23524
18.55000,2.38699
18.56000,2.33666
18.57000,2.51016
18.58000,2.79125
18.59000,2.82695
18.60000,2.77534
18.61000,2.84387
18.62000,2.86561
18.63000,2.57528
18.64000,2.57132
18.65000,2.50756
18.66000,2.30507
18.67000,2.37607
18.68000,2.26251
18.69000,2.22057
18.70000,1.91889
18.71000,1.97134
18.72000,1.80391
18.73000,1.89602
18.74000,1.89571
18.75000,1.88383
18.76000,1.74991
18.77000,1.64915
18.78000,1.52005
18.79000,1.51955
18.80000,1.42098
18.81000,1.36434
18.82000,1.35982
18.83000,1.60909
18.84000,1.56788
18.85000,1.55076
18.86000,1.53770
18.87000,1.45010
18.88000,1.44362
18.89000,1.41230
18.90000,1.46830
18.91000,1.36097
18.92000,1.57367
18.93000,1.58229
18.94000,1.71084
18.95000,1.58882
18.96000,1.58913
18.97000,1.62149
18.98000,1.58369
18.99000,1.67613
19.00000,1.64399
19.01000,1.57203
19.02000,1.52054
19.03000,1.65002
19.04000,1.70758
19.05000,1.69313
19.06000,1.71093
19.07000,1.82380
19.08000,1.78698
19.09000,1.92065
19.10000,1.99543
19.11000,1.90974
19.12000,1.95037
19.13000,1.95511
19.14000,2.02135
19.15000,1.94903
19.16000,2.08852
19.17000,2.06332
19.18000,2.19650
19.19000,2.13335
19.20000,2.32348
19.21000,2.39592
19.22000,2.34587
19.23000,2.15720
19.24000,2.20026
19.25000,2.25405
19.26000,2.27883
19.27000,2.20913
19.28000,2.14000
19.29000,2.00752
19.30000,1.83410
19.31000,1.64184
19.32000,1.83856
19.33000,1.99029
19.34000,1.92973
19.35000,2.02547
19.36000,2.00272
19.37000,1.92322
19.38000,1.94304
19.39000,1.94819
19.40000,1.88866
19.41000,1.95371
19.42000,1.96319
19.43000,2.05166
19.44000,2.14627
19.45000,2.07317
19.46000,1.97245
19.47000,2.00955
19.48000,1.93941
19.49000,1.81974
19.50000,1.86173
19.51000,1.72325
19.52000,1.85945
19.53000,1.77822
19.54000,1.97611
19.55000,2.04146
19.56000,2.15255
19.57000,2.04268
19.58000,2.07872
19.59000,2.16744
19.60000,2.09972
19.61000,2.00977
19.62000,1.88342
19.63000,2.02420
19.64000,2.08205
19.65000,2.17768
19.66000,2.18937
19.67000,2.12025
19.68000,2.10112
19.69000,2.02811
19.70000,2.14898
19.71000,2.18671
19.72000,2.23849
19.73000,2.19203
19.74000,2.19577
19.75000,2.06863
19.76000,2.12383
19.77000,2.16954
19.78000,2.07034
19.79000,2.03118
19.80000,2.00331
19.81000,2.11646
19.82000,1.99684
19.83000,1.98143
19.84000,2.05466
19.85000,1.97599
19.86000,2.12387
19.87000,2.07457
19.88000,2.19114
19.89000,2.00901
19.90000,2.11971
19.91000,1.99250
19.92000,1.96640
19.93000,2.02399
19.94000,2.10310
19.95000,2.11673
19.96000,2.10226
19.97000,2.05243
19.98000,1.86594
19.99000,1.73980
20.00000,1.84300
20.01000,1.85818
20.02000,1.80394
20.03000,1.87180
20.04000,1.88696
20.05000,1.88769
20.06000,1.83962
20.07000,1.93944
20.08000,1.89719
20.09000,1.69284
20.10000,1.82025
20.11000,1.79400
20.12000,1.88534
20.13000,1.74512
20.14000,1.70673
20.15000,1.68696
20.16000,1.71441
20.17000,1.78517
20.18000,1.83629
20.19000,1.89925
20.20000,1.95552
20.21000,2.02983
20.22000,2.12933
20.23000,2.08763
20.24000,2.25773
20.25000,2.34450
20.26000,2.31096
20.27000,2.16250
20.28000,2.06453
20.29000,1.90863
20.30000,1.91672
20.31000,1.85558
20.32000,1.85879
20.33000,1.90890
20.34000,1.85404
20.35000,1.84527
20.36000,1.93826
20.37000,2.02058
20.38000,2.09822
20.39000,2.13265
20.40000,2.14689
20.41000,2.08142
20.42000,2.25298
20.43000,2.30584
20.44000,2.39027
20.45000,2.43725
20.46000,2.55487
20.47000,2.64646
20.48000,2.76852
20.49000,2.77059
20.50000,2.86687
20.51000,2.89552
20.52000,3.01243
20.53000,2.97902
20.54000,3.06421
20.55000,2.93461
20.56000,2.84250
20.57000,2.85120
20.58000,2.80753
20.59000,2.84336
20.60000,2.88345
20.61000,2.83140
20.62000,2.83863
20.63000,2.77483
20.64000,2.81028
20.65000,2.85581
20.66000,2.93844
20.67000,3.05812
20.68000,3.08343
20.69000,3.26167
20.70000,3.23274
20.71000,3.23438
20.72000,3.13490
20.73000,2.88257
20.74000,2.97496
20.75000,2.94518
20.76000,2.83647
20.77000,2.74585
20.78000,2.66555
20.79000,2.70991
20.80000,2.66492
20.81000,2.62493
20.82000,2.56542
20.83000,2.55586
20.84000,2.64247
20.85000,2.60223
20.86000,2.61698
20.87000,2.29806
20.88000,2.38682
20.89000,2.42600
20.90000,2.33103
20.91000,2.19978
20.92000,2.13802
20.93000,2.05348
20.94000,1.89221
20.95000,1.74661
20.96000,1.90085
20.97000,1.80130
20.98000,1.63252
20.99000,1.79323
21.00000,1.85528
21.01000,1.78040
21.02000,1.95806
21.03000,1.99359
21.04000,2.08161
21.05000,1.89850
21.06000,1.94052
21.07000,1.97163
21.08000,1.90149
21.09000,1.77162
21.10000,1.77397
21.11000,1.75209
21.12000,1.49993
21.13000,1.35315
21.14000,1.33832
21.15000,1.34873
21.16000,1.44006
21.17000,1.41767
21.18000,1.25052
21.19000,1.49186
21.20000,1.43150
21.21000,1.43074
21.22000,1.42353
21.23000,1.49405
21.24000,1.44822
21.25000,1.67863
21.26000,1.71864
21.27000,1.61816
21.28000,1.58515
21.29000,1.69960
21.30000,1.62666
21.31000,1.51743
21.32000,1.41891
21.33000,1.38171
21.34000,1.41667
21.35000,1.44609
21.36000,1.43423
21.37000,1.46171
21.38000,1.59472
21.39000,1.58084
21.40000,1.47960
21.41000,1.47161
21.42000,1.49768
21.43000,1.56174
21.44000,1.64982
21.45000,1.59985
21.46000,1.67410
21.47000,1.80130
21.48000,1.93751
21.49000,1.88455
21.50000,1.76407
21.51000,1.92101
21.52000,1.89127
21.53000,1.78734
21.54000,1.71641
21.55000,1.79447
21.56000,1.78828
21.57000,1.73853
21.58000,1.82272
21.59000,1.96101
21.60000,1.86644
21.61000,2.02481
21.62000,2.14826
21.63000,1.94867
21.64000,1.90375
21.65000,1.79153
21.66000,1.72840
21.67000,1.87599
21.68000,1.86294
21.69000,1.84621
21.70000,1.81132
21.71000,1.73529
21.72000,1.83134
21.73000,1.88023
21.74000,1.87751
21.75000,1.97352
21.76000,1.93946
21.77000,1.97935
21.78000,1.81959
21.79000,1.82349
21.80000,1.90485
21.81000,1.80070
21.82000,1.66918
21.83000,1.74878
21.84000,1.77992
21.85000,1.55895
21.86000,1.63101
21.87000,1.72169
21.88000,1.77914
21.89000,1.73418
21.90000,1.66269
21.91000,1.77932
21.92000,1.81757
21.93000,1.83160
21.94000,1.91641
21.95000,2.04967
21.96000,2.03133
21.97000,2.13697
21.98000,1.75653
21.99000,1.73202
22.00000,1.64817
22.01000,1.66870
22.02000,1.52268
22.03000,1.57416
22.04000,1.66822
22.05000,1.68371
22.06000,1.59465
22.07000,1.57686
22.08000,1.71131
22.09000,1.82344
22.10000,1.92081
22.11000,1.83063
22.12000,1.74180
22.13000,1.70622
22.14000,1.67960
22.15000,1.62735
22.16000,1.67174
22.17000,1.75463
22.18000,1.79967
22.19000,1.67537
22.20000,1.89263
22.21000,2.00554
22.22000,1.90735
22.23000,1.90226
22.24000,1.87496
22.25000,1.74548
22.26000,1.79173
22.27000,1.86697
22.28000,1.81462
22.29000,1.83541
22.30000,1.91848
22.31000,2.00054
22.32000,2.09888
22.33000,2.05537
22.34000,2.15300
22.35000,2.23555
22.36000,2.38670
22.37000,2.50496
22.38000,2.43717
22.39000,2.25094
22.40000,2.27219
22.41000,2.38794
22.42000,2.18058
22.43000,2.26408
22.44000,2.08798
22.45000,2.16912
22.46000,2.37297
22.47000,2.36702
22.48000,2.30021
22.49000,2.28064
22.50000,2.23682
22.51000,2.40233
22.52000,2.44389
22.53000,2.52437
22.54000,2.54841
22.55000,2.49218
22.56000,2.67179
22.57000,2.72367
22.58000,2.75043
22.59000,2.71704
22.60000,2.89549
22.61000,3.00762
22.62000,3.00063
22.63000,2.96740
22.64000,2.95939
22.65000,2.95365
22.66000,3.23388
22.67000,3.17703
22.68000,3.03558
22.69000,3.20613
22.70000,3.14228
22.71000,3.21331
22.72000,3.14510
22.73000,3.13112
22.74000,3.09162
22.75000,3.14859
22.76000,3.21780
22.77000,3.37953
22.78000,3.24513
22.79000,3.30596
22.80000,3.41014
22.81000,3.51039
22.82000,3.57261
22.83000,3.51345
22.84000,3.51414
22.85000,3.53754
22.86000,3.58451
22.87000,3.56267
22.88000,3.45333
22.89000,3.37289
22.90000,3.21944
22.91000,3.17963
22.92000,3.25418
22.93000,3.11418
22.94000,3.11401
22.95000,3.12835
22.96000,3.21695
22.97000,3.13038
22.98000,3.14800
22.99000,3.13897
23.00000,3.23928
23.01000,3.25289
23.02000,3.28235
23.03000,3.41298
23.04000,3.41250
23.05000,3.36744
23.06000,3.42058
23.07000,3.45338
23.08000,3.44445
23.09000,3.41947
23.10000,3.50711
23.11000,3.46280
23.12000,3.50876
23.13000,3.57938
23.14000,3.44396
23.15000,3.49199
23.16000,3.40005
23.17000,3.39983
23.18000,3.50450
23.19000,3.41337
23.20000,3.46891
23.21000,3.38462
23.22000,3.40640
23.23000,3.33442
23.24000,3.35512
23.25000,3.29194
23.26000,3.23290
23.27000,3.20598
23.28000,3.38501
23.29000,3.35829
23.30000,3.39096
23.31000,3.38307
23.32000,3.26623
23.33000,3.33202
23.34000,3.21905
23.35000,3.20254
23.36000,3.04854
23.37000,3.21381
23.38000,3.08866
23.39000,3.14329
23.40000,2.97191
23.41000,3.16204
23.42000,3.03111
23.43000,3.07860
23.44000,3.05507
23.45000,3.05514
23.46000,2.98747
23.47000,2.77919
23.48000,2.91248
23.49000,2.79511
23.50000,2.70947
23.51000,2.86800
23.52000,2.79310
23.53000,2.90177
23.54000,2.55465
23.55000,2.56119
23.56000,2.38717
23.57000,2.31726
23.58000,2.53763
23.59000,2.52785
23.60000,2.54167
23.61000,2.56860
23.62000,2.68080
23.63000,2.75812
23.64000,2.89915
23.65000,2.76582
23.66000,2.85895
23.67000,2.78577
23.68000,2.77650
23.69000,2.90368
23.70000,2.78892
23.71000,2.69375
23.72000,2.79515
23.73000,2.67035
23.74000,2.66689
23.75000,2.53686
23.76000,2.53414
23.77000,2.46758
23.78000,2.56685
23.79000,2.71253
23.80000,2.74830
23.81000,2.75664
23.82000,2.71224
23.83000,2.75362
23.84000,2.55438
23.85000,2.71545
23.86000,2.60016
23.87000,2.65013
23.88000,2.64683
23.89000,2.60917
23.90000,2.62421
23.91000,2.72760
23.92000,2.79123
23.93000,2.69942
23.94000,2.57231
23.95000,2.64849
23.96000,2.57674
23.97000,2.53573
23.98000,2.61261
23.99000,2.53208
24.00000,2.48885
24.01000,2.40473
24.02000,2.52466
24.03000,2.73126
24.04000,2.91711
24.05000,2.82286
24.06000,2.78020
24.07000,2.60449
24.08000,2.60260
24.09000,2.52906
24.10000,2.63810
24.11000,2.53311
24.12000,2.54450
24.13000,2.61634
24.14000,2.57367
24.15000,2.70428
24.16000,2.89309
24.17000,2.79804
24.18000,2.67818
24.19000,2.76891
24.20000,2.94823
24.21000,2.80609
24.22000,2.85805
24.23000,2.97864
24.24000,3.01913
24.25000,2.86686
24.26000,2.83173
24.27000,2.86121
24.28000,2.91594
24.29000,2.93318
24.30000,2.97114
24.31000,2.90175
24.32000,2.77189
24.33000,2.84754
24.34000,2.97613
24.35000,2.88644
24.36000,2.61755
24.37000,2.58593
24.38000,2.58564
24.39000,2.61997
24.40000,2.51355
24.41000,2.50423
24.42000,2.60438
24.43000,2.54695
24.44000,2.37362
24.45000,2.30214
24.46000,2.47254
24.47000,2.41743
24.48000,2.38936
24.49000,2.53546
24.50000,2.59377
24.51000,2.69309
24.52000,2.67667
24.53000,2.73230
24.54000,2.72657
24.55000,2.59057
24.56000,2.55682
24.57000,2.43941
24.58000,2.41251
24.59000,2.60031
24.60000,2.49341
24.61000,2.39994
24.62000,2.53234
24.63000,2.46131
24.64000,2.21690
24.65000,2.36280
24.66000,2.39760
24.67000,2.56546
24.68000,2.56167
24.69000,2.42164
24.70000,2.54373
24.71000,2.54546
24.72000,2.55595
24.73000,2.63190
24.74000,2.40855
24.75000,2.44372
24.76000,2.42964
24.77000,2.45943
24.78000,2.56452
24.79000,2.73435
24.80000,2.82963
24.81000,2.51322
24.82000,2.51857
24.83000,2.52697
24.84000,2.57964
24.85000,2.58533
24.86000,2.64207
24.87000,2.55820
24.88000,2.49006
24.89000,2.53269
24.90000,2.62350
24.91000,2.63194
24.92000,2.68919
24.93000,2.63902
24.94000,2.61039
24.95000,2.59851
24.96000,2.54963
24.97000,2.64732
24.98000,2.74795
24.99000,3.05747
25.00000,3.03432
25.01000,3.19406
25.02000,3.15453
25.03000,3.14391
25.04000,3.19342
25.05000,3.20457
25.06000,3.27077
25.07000,3.37090
25.08000,3.18951
25.09000,3.09758
25.10000,3.03900
25.11000,2.86939
25.12000,2.94244
25.13000,3.00298
25.14000,2.94015
25.15000,3.07040
25.16000,3.02776
25.17000,2.99927
25.18000,3.20144
25.19000,3.15525
25.20000,3.30153
25.21000,3.24238
25.22000,3.20778
25.23000,3.20785
25.24000,3.37989
25.25000,3.47031
25.26000,3.25932
25.27000,3.22627
25.28000,3.32920
25.29000,3.39105
25.30000,3.24773
25.31000,3.20440
25.32000,3.25141
25.33000,3.28243
25.34000,3.19249
25.35000,3.15722
25.36000,3.14502
25.37000,3.09847
25.38000,3.21783
25.39000,3.24432
25.40000,3.28550
25.41000,3.33154
25.42000,3.32459
25.43000,3.19843
25.44000,3.15780
25.45000,3.00115
25.46000,3.07319
25.47000,3.01627
25.48000,2.87996
25.49000,2.82430
25.50000,2.83937
25.51000,2.74628
25.52000,2.67383
25.53000,2.79207
25.54000,2.81723
25.55000,2.92752
25.56000,2.93726
25.57000,2.73719
25.58000,2.72318
25.59000,2.98285
25.60000,2.78601
25.61000,2.88564
25.62000,2.90485
25.63000,3.03903
25.64000,3.05948
25.65000,3.26332
25.66000,3.23614
25.67000,3.23199
25.68000,3.36550
25.69000,3.16569
25.70000,3.26290
25.71000,3.14030
25.72000,3.16785
25.73000,3.02103
25.74000,3.04961
25.75000,3.13908
25.76000,3.06894
25.77000,2.86095
25.78000,2.79441
25.79000,2.94670
25.80000,2.76910
25.81000,2.47895
25.82000,2.33716
25.83000,2.23216
25.84000,2.05886
25.85000,2.09369
25.86000,2.04727
25.87000,2.03288
25.88000,1.96048
25.89000,2.13346
25.90000,2.28743
25.91000,2.42301
25.92000,2.32205
25.93000,2.25262
25.94000,2.41106
25.95000,2.40938
25.96000,2.47020
25.97000,2.51868
25.98000,2.46005
25.99000,2.53003
26.00000,2.56565
26.01000,2.55462
26.02000,2.59217
26.03000,2.59415
26.04000,2.61390
26.05000,2.61127
26.06000,2.67666
26.07000,2.55653
26.08000,2.46260
26.09000,2.41583
26.10000,2.34753
26.11000,2.39103
26.12000,2.37945
26.13000,2.37672
26.14000,2.37468
26.15000,2.40063
26.16000,2.35561
26.17000,2.38033
26.18000,2.43940
26.19000,2.47999
26.20000,2.75100
26.21000,2.78378
26.22000,2.77533
26.23000,2.96376
26.24000,3.12031
26.25000,3.20339
26.26000,3.23456
26.27000,3.24914
26.28000,3.17467
26.29000,2.97257
26.30000,2.90512
26.31000,2.85311
26.32000,2.85159
26.33000,2.77145
26.34000,2.93247
26.35000,2.90836
26.36000,2.75482
26.37000,2.64152
26.38000,2.62652
26.39000,2.69044
26.40000,2.67527
26.41000,2.72712
26.42000,2.83322
26.43000,2.71225
26.44000,2.67349
26.45000,2.59985
26.46000,2.46171
26.47000,2.49029
26.48000,2.67675
26.49000,2.68444
26.50000,2.66707
26.51000,2.62673
26.52000,2.64729
26.53000,2.57821
26.54000,2.61886
26.55000,2.56049
26.56000,2.51090
26.57000,2.46996
26.58000,2.51112
26.59000,2.35320
26.60000,2.55344
26.61000,2.69247
26.62000,2.70608
26.63000,2.70199
26.64000,2.75152
26.65000,2.57252
26.66000,2.41581
26.67000,2.28574
26.68000,2.13676
26.69000,1.94613
26.70000,2.00126
26.71000,1.95169
26.72000,1.96058
26.73000,1.99481
26.74000,1.95399
26.75000,1.97660
26.76000,2.09559
26.77000,1.98204
26.78000,1.91258
26.79000,2.20958
26.80000,2.28846
26.81000,2.28498
26.82000,2.38938
26.83000,2.36797
26.84000,2.40842
26.85000,2.54882
26.86000,2.43105
26.87000,2.45712
26.88000,2.41131
26.89000,2.34741
26.90000,2.36345
26.91000,2.22803
26.92000,2.26904
26.93000,2.30205
26.94000,2.49144
26.95000,2.53889
26.96000,2.56556
26.97000,2.70971
26.98000,2.73348
26.99000,2.65278
27.00000,2.45480
27.01000,2.49414
27.02000,2.51618
27.03000,2.60558
27.04000,2.55355
27.05000,2.41660
27.06000,2.31341
27.07000,2.00675
27.08000,1.88797
27.09000,1.79879
27.10000,1.85046
27.11000,1.77658
27.12000,1.78445
27.13000,1.64569
27.14000,1.91249
27.15000,1.91682
27.16000,1.92420
27.17000,1.91290
27.18000,1.89343
27.19000,1.96048
27.20000,1.94525
27.21000,1.72330
27.22000,1.91222
27.23000,1.82986
27.24000,1.89760
27.25000,1.93448
27.26000,1.92760
27.27000,1.84391
27.28000,1.85217
27.29000,1.73652
27.30000,1.66487
27.31000,1.57727
27.32000,1.67944
27.33000,1.63749
27.34000,1.64385
27.35000,1.48769
27.36000,1.42274
27.37000,1.39351
27.38000,1.50354
27.39000,1.54496
27.40000,1.43821
27.41000,1.47929
27.42000,1.43514
27.43000,1.44260
27.44000,1.44065
27.45000,1.53634
27.46000,1.36860
27.47000,1.34976
27.48000,1.20122
27.49000,1.10164
27.50000,1.20346
27.51000,1.26684
27.52000,1.07770
27.53000,1.03905
27.54000,1.08435
27.55000,1.16007
27.56000,1.25249
27.57000,1.26128
27.58000,1.19358
27.59000,1.38180
27.60000,1.23501
27.61000,1.18229
27.62000,1.03010
27.63000,1.10859
27.64000,1.27364
27.65000,1.36778
27.66000,1.22839
27.67000,1.23104
27.68000,1.19387
27.69000,1.30142
27.70000,1.14590
27.71000,1.06368
27.72000,1.07845
27.73000,1.04402
27.74000,1.05597
27.75000,1.00145
27.76000,0.86447
27.77000,0.95660
27.78000,0.70705
27.79000,0.84547
27.80000,0.75388
27.81000,0.65949
27.82000,0.65586
27.83000,0.72870
27.84000,0.65273
27.85000,0.54727
27.86000,0.62360
27.87000,0.55555
27.88000,0.65131
27.89000,0.72792
27.90000,0.84756
27.91000,0.92702
27.92000,1.13804
27.93000,1.22844
27.94000,1.24702
27.95000,1.28109
27.96000,1.35422
27.97000,1.21052
27.98000,1.12655
27.99000,1.22552
28.00000,1.28311
28.01000,1.39431
28.02000,1.49123
28.03000,1.43969
28.04000,1.44075
28.05000,1.47357
28.06000,1.64083
28.07000,1.54101
28.08000,1.34584
28.09000,1.40648
28.10000,1.40873
28.11000,1.40579
28.12000,1.33006
28.13000,1.23676
28.14000,1.11079
28.15000,1.09817
28.16000,1.06630
28.17000,1.07442
28.18000,1.10036
28.19000,1.13804
28.20000,1.20424
28.21000,1.09246
28.22000,1.01383
28.23000,1.05487
28.24000,0.95121
28.25000,1.01418
28.26000,0.88388
28.27000,1.18803
28.28000,1.15825
28.29000,1.12467
28.30000,1.24699
28.31000,1.11265
28.32000,0.80568
28.33000,0.69463
28.34000,0.54435
28.35000,0.64602
28.36000,0.50780
28.37000,0.58081
28.38000,0.57875
28.39000,0.68176
28.40000,0.83170
28.41000,0.72982
28.42000,0.72124
28.43000,0.80530
28.44000,0.67761
28.45000,0.63730
28.46000,0.59647
28.47000,0.45990
28.48000,0.41873
28.49000,0.60474
28.50000,0.50659
28.51000,0.65516
28.52000,0.73494
28.53000,0.69034
28.54000,0.69008
28.55000,0.63458
28.56000,0.36346
28.57000,0.30115
28.58000,0.27858
28.59000,0.32191
28.60000,0.37673
28.61000,0.38708
28.62000,0.52734
28.63000,0.56256
28.64000,0.65140
28.65000,0.83852
28.66000,0.83135
28.67000,0.78479
28.68000,0.92305
28.69000,0.88655
28.70000,0.86492
28.71000,1.03675
28.72000,0.97786
28.73000,0.73160
28.74000,0.63483
28.75000,0.73163
28.76000,0.69076
28.77000,0.85683
28.78000,0.76179
28.79000,0.65651
28.80000,0.54852
28.81000,0.53333
28.82000,0.47440
28.83000,0.48339
28.84000,0.70313
28.85000,0.56950
28.86000,0.58879
28.87000,0.57979
28.88000,0.54785
28.89000,0.54542
28.90000,0.53855
28.91000,0.64243
28.92000,0.64669
28.93000,0.66513
28.94000,0.63804
28.95000,0.50484
28.96000,0.46591
28.97000,0.35936
28.98000,0.37034
28.99000,0.20034
29.00000,0.14918
29.01000,0.16696
29.02000,0.14638
29.03000,0.15111
29.04000,0.05891
29.05000,0.13155
29.06000,0.00379
29.07000,-0.01885
29.08000,-0.09619
29.09000,0.06722
29.10000,0.03833
29.11000,0.00518
29.12000,0.19016
29.13000,0.24347
29.14000,0.31229
29.15000,0.28973
29.16000,0.16835
29.17000,0.13201
29.18000,0.02237
29.19000,-0.06819
29.20000,0.07587
29.21000,-0.04145
29.22000,0.00742
29.23000,0.05381
29.24000,0.13072
29.25000,0.20905
29.26000,0.13702
29.27000,-0.06690
29.28000,0.02237
29.29000,0.09932
29.30000,-0.15856
29.31000,-0.11739
29.32000,-0.11863
29.33000,-0.25249
29.34000,-0.16917
29.35000,-0.12836
29.36000,-0.12035
29.37000,-0.15079
29.38000,-0.19034
29.39000,-0.16630
29.40000,-0.33682
29.41000,-0.43560
29.42000,-0.39270
29.43000,-0.36459
29.44000,-0.29602
29.45000,-0.42204
29.46000,-0.38838
29.47000,-0.28967
29.48000,-0.36241
29.49000,-0.22295
29.50000,-0.11584
29.51000,-0.11754
29.52000,-0.05563
29.53000,0.02062
29.54000,0.12277
29.55000,0.18752
29.56000,0.24729
29.57000,0.22940
29.58000,0.11572
29.59000,0.01470
29.60000,0.00030
29.61000,0.05398
29.62000,0.06499
29.63000,-0.04599
29.64000,0.11282
29.65000,-0.08412
29.66000,-0.25666
29.67000,-0.12604
29.68000,-0.18821
29.69000,-0.14413
29.70000,-0.17169
29.71000,-0.30666
29.72000,-0.32539
29.73000,-0.53850
29.74000,-0.47157
29.75000,-0.48639
29.76000,-0.36418
29.77000,-0.32822
29.78000,-0.12617
29.79000,-0.04601
29.80000,-0.25959
29.81000,-0.25009
29.82000,-0.31596
29.83000,-0.28637
29.84000,-0.36225
29.85000,-0.30502
29.86000,-0.39818
29.87000,-0.32006
29.88000,-0.54211
29.89000,-0.35631
29.90000,-0.35210
29.91000,-0.34659
29.92000,-0.27135
29.93000,-0.27207
29.94000,-0.26024
29.95000,-0.26950
29.96000,-0.34269
29.97000,-0.31192
29.98000,-0.40168
29.99000,-0.21193
30.00000,-0.14194
30.01000,-0.09636
30.02000,-0.20393
30.03000,-0.22311
30.04000,-0.20272
30.05000,-0.08666
30.06000,-0.14446
30.07000,-0.12709
30.08000,-0.29081
30.09000,-0.25214
30.10000,-0.07077
30.11000,-0.14816
30.12000,0.04409
30.13000,0.16295
30.14000,0.24200
30.15000,0.41619
30.16000,0.42518
30.17000,0.43293
30.18000,0.37338
30.19000,0.48126
30.20000,0.47377
30.21000,0.62991
30.22000,0.63289
30.23000,0.72576
30.24000,0.67382
30.25000,0.61436
30.26000,0.61078
30.27000,0.53843
30.28000,0.57241
30.29000,0.57603
30.30000,0.50239
30.31000,0.58657
30.32000,0.56745
30.33000,0.56502
30.34000,0.48240
30.35000,0.65711
30.36000,0.78857
30.37000,0.80682
30.38000,0.98470
30.39000,0.96243
30.40000,1.06330
30.41000,1.01966
30.42000,1.07869
30.43000,1.02683
30.44000,0.93600
30.45000,0.85171
30.46000,0.91144
30.47000,0.95533
30.48000,0.86516
30.49000,0.97442
30.50000,0.93556
30.51000,1.02370
30.52000,1.06553
30.53000,0.95769
30.54000,0.98867
30.55000,0.96295
30.56000,0.94773
30.57000,0.84425
30.58000,0.82639
30.59000,0.84896
30.60000,0.94064
30.61000,0.97746
30.62000,0.92017
30.63000,0.91428
30.64000,0.78926
30.65000,0.84378
30.66000,0.73808
30.67000,0.61594
30.68000,0.63562
30.69000,0.51085
30.70000,0.44785
30.71000,0.39076
30.72000,0.51487
30.73000,0.67759
30.74000,0.59556
30.75000,0.51809
30.76000,0.53037
30.77000,0.60750
30.78000,0.69622
30.79000,0.59946
30.80000,0.41285
30.81000,0.38944
30.82000,0.31725
30.83000,0.39252
30.84000,0.49555
30.85000,0.53375
30.86000,0.59859
30.87000,0.57784
30.88000,0.53856
30.89000,0.69372
30.90000,0.70257
30.91000,0.70723
30.92000,0.76926
30.93000,0.68937
30.94000,0.69084
30.95000,0.45788
30.96000,0.51688
30.97000,0.63219
30.98000,0.76022
30.99000,0.72674
31.00000,0.59515
31.01000,0.65707
31.02000,0.72647
31.03000,0.60513
31.04000,0.56003
31.05000,0.45624
31.06000,0.37112
31.07000,0.39880
31.08000,0.46426
31.09000,0.52537
31.10000,0.66239
31.11000,0.77890
31.12000,0.84291
31.13000,0.95192
31.14000,0.75831
31.15000,0.70120
31.16000,0.71844
31.17000,0.66929
31.18000,0.58574
31.19000,0.71826
31.20000,0.68066
31.21000,0.71316
31.22000,0.72686
31.23000,0.74046
31.24000,0.70671
31.25000,0.64333
31.26000,0.66210
31.27000,0.76190
31.28000,0.69226
31.29000,0.71334
31.30000,0.48701
31.31000,0.58525
31.32000,0.56953
31.33000,0.47485
31.34000,0.47336
31.35000,0.43341
31.36000,0.59489
31.37000,0.61026
31.38000,0.59650
31.39000,0.61404
31.40000,0.46556
31.41000,0.55677
31.42000,0.54102
31.43000,0.71570
31.44000,0.65609
31.45000,0.75037
31.46000,0.67589
31.47000,0.53006
31.48000,0.71033
31.49000,0.83532
31.50000,0.92824
31.51000,0.94185
31.52000,1.02628
31.53000,1.22487
31.54000,1.34676
31.55000,1.43064
31.56000,1.50230
31.57000,1.46987
31.58000,1.47347
31.59000,1.36525
31.60000,1.19647
31.61000,1.17023
31.62000,1.18345
31.63000,0.92042
31.64000,1.04984
31.65000,0.96959
31.66000,1.00271
31.67000,1.03541
31.68000,1.03483
31.69000,0.93570
31.70000,0.98284
31.71000,0.95481
31.72000,0.93422
31.73000,0.80537
31.74000,0.87909
31.75000,0.75068
31.76000,0.60519
31.77000,0.72132
31.78000,0.74808
31.79000,0.68941
31.80000,0.76637
31.81000,0.66955
31.82000,0.72861
31.83000,0.77040
31.84000,0.73887
31.85000,0.73204
31.86000,0.88072
31.87000,0.68308
31.88000,0.55337
31.89000,0.76204
31.90000,0.90397
31.91000,0.83136
31.92000,0.98782
31.93000,0.91511
31.94000,1.01101
31.95000,1.05835
31.96000,1.08213
31.97000,1.14416
31.98000,1.19284
31.99000,1.24687
32.00000,1.12150
32.01000,1.27935
32.02000,1.28814
32.03000,1.08716
32.04000,1.15176
32.05000,1.17466
32.06000,1.13047
32.07000,1.31961
32.08000,1.21119
32.09000,1.03002
32.10000,0.85239
32.11000,1.05826
32.12000,1.03307
32.13000,1.08569
32.14000,1.08317
32.15000,1.07747
32.16000,1.05115
32.17000,1.09562
32.18000,1.20841
32.19000,1.27830
32.20000,1.32886
32.21000,1.36805
32.22000,1.34057
32.23000,1.25254
32.24000,1.12939
32.25000,0.88628
32.26000,0.92801
32.27000,0.94676
32.28000,1.09238
32.29000,1.11891
32.30000,0.87726
32.31000,0.90386
32.32000,0.87153
32.33000,0.73009
32.34000,0.66855
32.35000,0.60012
32.36000,0.62453
32.37000,0.75537
32.38000,0.67098
32.39000,0.52962
32.40000,0.51985
32.41000,0.59750
32.42000,0.65605
32.43000,0.60635
32.44000,0.59778
32.45000,0.63800
32.46000,0.70103
32.47000,0.76241
32.48000,0.69570
32.49000,0.64713
32.50000,0.65445
32.51000,0.74023
32.52000,0.80209
32.53000,0.69253
32.54000,0.71569
32.55000,0.75445
32.56000,0.70325
32.57000,0.69160
32.58000,0.73665
32.59000,0.70271
32.60000,0.74800
32.61000,0.91695
32.62000,0.96318
32.63000,0.86973
32.64000,0.89920
32.65000,0.89093
32.66000,0.80599
32.67000,0.93938
32.68000,0.86326
32.69000,0.85557
32.70000,1.05053
32.71000,1.00231
32.72000,0.98401
32.73000,0.98156
32.74000,1.16564
32.75000,1.05797
32.76000,1.14570
32.77000,1.37244
32.78000,1.45260
32.79000,1.51794
32.80000,1.60932
32.81000,1.58464
32.82000,1.70417
32.83000,1.65942
32.84000,1.78838
32.85000,1.85185
32.86000,1.88854
32.87000,1.90766
32.88000,1.85950
32.89000,1.93546
32.90000,1.80230
32.91000,1.69345
32.92000,1.74307
32.93000,1.75353
32.94000,1.59419
32.95000,1.38004
32.96000,1.37016
32.97000,1.25069
32.98000,1.17301
32.99000,1.33469
33.00000,1.19348
33.01000,1.11673
33.02000,1.15911
33.03000,1.15582
33.04000,1.18215
33.05000,1.19760
33.06000,1.29034
33.07000,1.23102
33.08000,1.30110
33.09000,1.31234
33.10000,1.29484
33.11000,1.31918
33.12000,1.23704
33.13000,1.43398
33.14000,1.44012
33.15000,1.52797
33.16000,1.54699
33.17000,1.54633
33.18000,1.60904
33.19000,1.54645
33.20000,1.78683
33.21000,1.85200
33.22000,1.96849
33.23000,1.92725
33.24000,1.97734
33.25000,2.01493
33.26000,1.83897
33.27000,1.77906
33.28000,1.60300
33.29000,1.49431
33.30000,1.44668
33.31000,1.35649
33.32000,1.52375
33.33000,1.70913
33.34000,1.69070
33.35000,1.78850
33.36000,1.70768
33.37000,1.63943
33.38000,1.62378
33.39000,1.56896
33.40000,1.63199
33.41000,1.64894
33.42000,1.67277
33.43000,1.64598
33.44000,1.64551
33.45000,1.70351
33.46000,1.64943
33.47000,1.54315
33.48000,1.63523
33.49000,1.67052
33.50000,1.64713
33.51000,1.74591
33.52000,1.57012
33.53000,1.57650
33.54000,1.36051
33.55000,1.48605
33.56000,1.57270
33.57000,1.51308
33.58000,1.55652
33.59000,1.56648
33.60000,1.50937
33.61000,1.42433
33.62000,1.42682
33.63000,1.31025
33.64000,1.42833
33.65000,1.46280
33.66000,1.42311
33.67000,1.42318
33.68000,1.50084
33.69000,1.41256
33.70000,1.43316
33.71000,1.23610
33.72000,1.12087
33.73000,1.02531
33.74000,1.03925
33.75000,0.91207
33.76000,0.88408
33.77000,0.88137
33.78000,0.85310
33.79000,0.73572
33.80000,0.70097
33.81000,0.59486
33.82000,0.66592
33.83000,0.71771
33.84000,0.62724
33.85000,0.54261
33.86000,0.58058
33.87000,0.64640
33.88000,0.56681
33.89000,0.51010
33.90000,0.52816
33.91000,0.65797
33.92000,0.74051
33.93000,0.74911
33.94000,0.63194
33.95000,0.54377
33.96000,0.66126
33.97000,0.73051
33.98000,0.78241
33.99000,1.03935
34.00000,1.14007
34.01000,1.03447
34.02000,0.97096
34.03000,0.89318
34.04000,0.86746
34.05000,0.78485
34.06000,0.68236
34.07000,0.63169
34.08000,0.60527
34.09000,0.47981
34.10000,0.59127
34.11000,0.56139
34.12000,0.61343
34.13000,0.49438
34.14000,0.43795
34.15000,0.52960
34.16000,0.52515
34.17000,0.51695
34.18000,0.42534
34.19000,0.37227
34.20000,0.38106
34.21000,0.29933
34.22000,0.22005
34.23000,0.13335
34.24000,0.13513
34.25000,0.07196
34.26000,0.09516
34.27000,0.22560
34.28000,0.10074
34.29000,0.14184
34.30000,0.12986
34.31000,0.04171
34.32000,-0.01780
34.33000,0.15003
34.34000,0.16715
34.35000,0.16153
34.36000,0.20066
34.37000,0.10584
34.38000,0.01008
34.39000,-0.17935
34.40000,-0.10708
34.41000,-0.13222
34.42000,0.02190
34.43000,-0.05373
34.44000,0.05395
34.45000,-0.11272
34.46000,-0.01993
34.47000,-0.14602
34.48000,-0.10542
34.49000,0.09222
34.50000,0.07414
34.51000,0.24704
34.52000,0.40589
34.53000,0.35028
34.54000,0.45777
34.55000,0.42253
34.56000,0.31956
34.57000,0.54962
34.58000,0.53994
34.59000,0.65849
34.60000,0.46652
34.61000,0.42690
34.62000,0.47882
34.63000,0.32426
34.64000,0.41253
34.65000,0.44347
34.66000,0.49504
34.67000,0.61327
34.68000,0.51309
34.69000,0.46634
34.70000,0.44215
34.71000,0.39746
34.72000,0.61078
34.73000,0.61022
34.74000,0.67845
34.75000,0.92006
34.76000,0.98936
34.77000,1.04869
34.78000,1.01909
34.79000,1.06489
34.80000,1.21290
34.81000,1.32254
34.82000,1.25423
34.83000,1.15794
34.84000,1.03894
34.85000,1.03552
34.86000,1.01440
34.87000,0.91744
34.88000,0.97634
34.89000,0.74908
34.90000,0.59897
34.91000,0.56390
34.92000,0.64803
34.93000,0.55306
34.94000,0.52627
34.95000,0.58162
34.96000,0.46802
34.97000,0.46401
34.98000,0.45127
34.99000,0.45057
35.00000,0.58811
35.01000,0.52969
35.02000,0.52017
35.03000,0.56796
35.04000,0.51162
35.05000,0.49824
35.06000,0.65399
35.07000,0.63521
35.08000,0.76421
35.09000,0.73359
35.10000,0.62825
35.11000,0.79675
35.12000,0.78780
35.13000,0.74342
35.14000,0.68562
35.15000,0.75377
35.16000,0.85157
35.17000,0.68443
35.18000,0.78223
35.19000,0.78031
35.20000,0.70373
35.21000,0.50045
35.22000,0.44909
35.23000,0.29649
35.24000,0.37579
35.25000,0.40683
35.26000,0.45938
35.27000,0.36319
35.28000,0.51608
35.29000,0.53756
35.30000,0.63632
35.31000,0.56065
35.32000,0.56587
35.33000,0.54575
35.34000,0.47983
35.35000,0.36688
35.36000,0.43016
35.37000,0.28027
35.38000,0.08967
35.39000,0.15891
35.40000,0.20197
35.41000,0.28988
35.42000,0.27944
35.43000,0.30664
35.44000,0.11884
35.45000,0.17336
35.46000,0.20566
35.47000,0.07462
35.48000,0.35689
35.49000,0.34959
35.50000,0.25658
35.51000,0.44138
35.52000,0.51588
35.53000,0.57552
35.54000,0.53677
35.55000,0.45704
35.56000,0.52978
35.57000,0.87773
35.58000,0.91530
35.59000,0.86331
35.60000,0.64554
35.61000,0.67897
35.62000,0.74658
35.63000,0.97116
35.64000,0.84067
35.65000,0.95057
35.66000,1.01609
35.67000,0.84751
35.68000,0.86439
35.69000,0.95213
35.70000,1.02800
35.71000,1.05548
35.72000,1.11835
35.73000,1.01777
35.74000,1.15945
35.75000,1.17766
35.76000,1.09461
35.77000,1.03906
35.78000,1.11123
35.79000,0.97905
35.80000,0.93715
35.81000,0.97566
35.82000,0.96638
35.83000,0.98063
35.84000,0.96383
35.85000,0.98706
35.86000,1.09481
35.87000,1.17848
35.88000,1.07329
35.89000,1.10412
35.90000,1.05554
35.91000,1.05359
35.92000,1.14128
35.93000,1.05747
35.94000,1.02188
35.95000,1.13379
35.96000,1.14178
35.97000,1.19206
35.98000,1.23205
35.99000,1.17722
36.00000,1.11083
36.01000,1.09657
36.02000,1.11211
36.03000,1.09717
36.04000,1.25791
36.05000,1.24348
36.06000,1.33910
36.07000,1.08852
36.08000,1.13852
36.09000,1.17210
36.10000,1.03782
36.11000,0.89302
36.12000,0.71456
36.13000,0.71985
36.14000,0.67978
36.15000,0.66774
36.16000,0.75108
36.17000,0.61975
36.18000,0.50488
36.19000,0.66514
36.20000,0.80459
36.21000,0.85999
36.22000,0.78143
36.23000,0.71322
36.24000,0.75605
36.25000,0.74140
36.26000,0.76930
36.27000,0.86636
36.28000,1.02662
36.29000,1.05377
36.30000,1.04013
36.31000,0.98816
36.32000,0.93142
36.33000,0.79566
36.34000,0.72818
36.35000,0.75563
36.36000,0.90941
36.37000,1.00272
36.38000,0.88919
36.39000,0.89267
36.40000,0.90679
36.41000,0.79985
36.42000,0.82634
36.43000,0.77333
36.44000,0.85361
36.45000,0.91686
36.46000,1.07085
36.47000,0.95880
36.48000,1.22584
36.49000,1.15814
36.50000,1.31971
36.51000,1.27677
36.52000,1.20896
36.53000,1.15861
36.54000,1.23287
36.55000,1.25536
36.56000,1.10065
36.57000,1.25256
36.58000,1.40336
36.59000,1.28908
36.60000,1.28647
36.61000,1.34225
36.62000,1.56003
36.63000,1.77453
36.64000,1.74833
36.65000,1.78895
36.66000,1.82013
36.67000,1.84557
36.68000,1.85127
36.69000,1.86282
36.70000,1.70144
36.71000,1.71538
36.72000,1.79365
36.73000,1.81344
36.74000,1.75910
36.75000,1.64363
36.76000,1.61317
36.77000,1.57816
36.78000,1.54769
36.79000,1.71183
36.80000,1.60055
36.81000,1.50569
36.82000,1.53083
36.83000,1.42398
36.84000,1.29118
36.85000,1.31824
36.86000,1.35501
36.87000,1.42411
36.88000,1.36183
36.89000,1.40101
36.90000,1.33900
36.91000,1.47462
36.92000,1.46183
36.93000,1.20154
36.94000,1.08676
36.95000,1.09363
36.96000,0.94840
36.97000,0.90365
36.98000,1.06674
36.99000,1.04571
37.00000,1.07292
37.01000,0.91041
37.02000,0.85952
37.03000,0.78178
37.04000,0.95257
37.05000,0.96248
37.06000,0.95400
37.07000,0.90095
37.08000,0.85010
37.09000,0.71056
37.10000,0.82346
37.11000,0.88266
37.12000,0.82551
37.13000,0.83628
37.14000,0.83409
37.15000,0.92934
37.16000,1.05288
37.17000,0.95485
37.18000,0.96573
37.19000,0.99096
37.20000,1.02131
37.21000,1.24690
37.22000,1.53532
37.23000,1.56199
37.24000,1.67150
37.25000,1.80590
37.26000,1.66365
37.27000,1.55469
37.28000,1.46875
37.29000,1.43677
37.30000,1.39751
37.31000,1.46110
37.32000,1.50607
37.33000,1.36420
37.34000,1.47357
37.35000,1.56026
37.36000,1.52284
37.37000,1.74301
37.38000,1.69372
37.39000,1.67566
37.40000,1.65458
37.41000,1.73720
37.42000,1.74211
37.43000,1.69786
37.44000,1.66092
37.45000,1.84460
37.46000,1.73427
37.47000,1.69316
37.48000,1.56788
37.49000,1.74997
37.50000,1.78955
37.51000,1.94948
37.52000,1.95403
37.53000,1.88893
37.54000,1.91031
37.55000,1.94931
37.56000,1.95077
37.57000,1.91492
37.58000,1.65709
37.59000,1.73413
37.60000,1.68371
37.61000,1.62800
37.62000,1.65775
37.63000,1.77440
37.64000,1.85334
37.65000,1.87636
37.66000,1.78040
37.67000,1.78643
37.68000,1.67410
37.69000,1.77292
37.70000,1.84148
37.71000,1.91926
37.72000,2.09059
37.73000,2.20282
37.74000,2.31998
37.75000,2.35975
37.76000,2.39508
37.77000,2.45211
37.78000,2.30716
37.79000,2.25162
37.80000,2.19169
37.81000,2.41565
37.82000,2.60794
37.83000,2.66136
37.84000,2.69052
37.85000,2.90263
37.86000,2.99146
37.87000,2.90097
37.88000,3.01532
37.89000,3.11162
37.90000,3.11992
37.91000,3.11228
37.92000,3.03967
37.93000,3.11817
37.94000,3.17710
37.95000,3.13799
37.96000,3.11993
37.97000,3.14890
37.98000,2.92315
37.99000,2.92515
38.00000,2.90163
38.01000,2.81379
38.02000,2.77827
38.03000,2.67998
38.04000,2.71501
38.05000,2.67953
38.06000,2.72660
38.07000,2.71221
38.08000,2.74374
38.09000,2.81781
38.10000,2.80760
38.11000,2.79369
38.12000,2.67905
38.13000,2.67594
38.14000,2.67721
38.15000,2.74012
38.16000,2.63051
38.17000,2.78530
38.18000,2.79317
38.19000,2.82583
38.20000,2.88361
38.21000,2.88125
38.22000,2.83965
38.23000,2.80588
38.24000,2.68092
38.25000,2.55694
38.26000,2.55723
38.27000,2.46886
38.28000,2.49533
38.29000,2.51842
38.30000,2.47226
38.31000,2.23893
38.32000,2.03204
38.33000,2.05162
38.34000,2.01675
38.35000,1.85459
38.36000,1.75808
38.37000,1.78025
38.38000,1.67065
38.39000,1.43009
38.40000,1.45943
38.41000,1.55752
38.42000,1.50658
38.43000,1.26330
38.44000,1.31338
38.45000,1.20061
38.46000,1.20414
38.47000,1.13710
38.48000,1.16000
38.49000,1.17959
38.50000,1.12201
38.51000,1.03040
38.52000,1.09314
38.53000,1.11934
38.54000,1.06549
38.55000,1.03668
38.56000,1.18663
38.57000,1.45940
38.58000,1.55068
38.59000,1.43405
38.60000,1.43235
38.61000,1.53887
38.62000,1.64885
38.63000,1.71243
38.64000,1.84251
38.65000,1.88198
38.66000,1.91735
38.67000,1.87564
38.68000,1.71054
38.69000,1.79525
38.70000,1.82986
38.71000,1.80331
38.72000,1.75069
38.73000,1.73803
38.74000,1.68872
38.75000,1.70589
38.76000,1.95090
38.77000,2.13022
38.78000,2.16039
38.79000,2.24545
38.80000,2.29038
38.81000,2.33161
38.82000,2.26985
38.83000,2.34895
38.84000,2.13609
38.85000,2.18855
38.86000,2.15980
38.87000,2.06863
38.88000,2.04598
38.89000,2.08340
38.90000,2.17292
38.91000,2.25253
38.92000,2.14649
38.93000,2.16610
38.94000,2.24669
38.95000,2.01555
38.96000,2.10288
38.97000,2.12978
38.98000,2.26615
38.99000,2.25926
39.00000,2.39811
39.01000,2.62193
39.02000,2.75581
39.03000,3.01180
39.04000,2.95140
39.05000,2.92141
39.06000,2.91145
39.07000,2.95176
39.08000,2.77001
39.09000,2.70105
39.10000,2.76304
39.11000,2.62396
39.12000,2.58862
39.13000,2.48526
39.14000,2.51207
39.15000,2.53511
39.16000,2.58633
39.17000,2.58461
39.18000,2.65686
39.19000,2.55399
39.20000,2.37395
39.21000,2.41251
39.22000,2.41963
39.23000,2.51422
39.24000,2.55333
39.25000,2.49880
39.26000,2.48044
39.27000,2.36587
39.28000,2.38602
39.29000,2.46521
39.30000,2.41083
39.31000,2.39090
39.32000,2.38254
39.33000,2.40940
39.34000,2.43843
39.35000,2.29971
39.36000,2.27614
39.37000,2.41665
39.38000,2.36018
39.39000,2.38047
39.40000,2.46993
39.41000,2.42941
39.42000,2.48532
39.43000,2.39811
39.44000,2.35711
39.45000,2.36606
39.46000,2.40771
39.47000,2.33242
39.48000,2.34871
39.49000,2.10032
39.50000,2.09499
39.51000,1.96082
39.52000,2.02798
39.53000,2.00577
39.54000,1.97181
39.55000,2.12662
39.56000,2.10010
39.57000,2.16690
39.58000,2.16998
39.59000,2.25214
39.60000,2.25548
39.61000,2.28925
39.62000,2.17171
39.63000,2.29613
39.64000,2.46485
39.65000,2.46978
39.66000,2.49474
39.67000,2.59791
39.68000,2.46605
39.69000,2.39964
39.70000,2.39525
39.71000,2.52117
39.72000,2.29857
39.73000,2.32477
39.74000,2.52223
39.75000,2.51688
39.76000,2.52772
39.77000,2.40554
39.78000,2.37475
39.79000,2.26035
39.80000,2.29081
39.81000,2.27457
39.82000,2.13009
39.83000,2.25084
39.84000,2.16410
39.85000,2.29587
39.86000,2.32737
39.87000,2.15840
39.88000,2.25095
39.89000,2.30774
39.90000,2.35591
39.91000,2.30356
39.92000,2.22944
39.93000,2.32242
39.94000,2.22346
39.95000,2.29409
39.96000,2.18791
39.97000,2.25786
39.98000,2.24881
39.99000,2.15951
40.00000,2.11290
40.01000,1.95977
40.02000,1.85887
40.03000,1.89151
40.04000,1.86975
40.05000,1.85139
40.06000,1.91092
40.07000,1.90861
40.08000,1.95819
40.09000,1.96566
40.10000,1.97239
40.11000,1.74311
40.12000,1.71337
40.13000,1.74655
40.14000,1.62189
40.15000,1.49917
40.16000,1.51197
40.17000,1.43981
40.18000,1.23382
40.19000,1.12092
40.20000,1.07385
40.21000,1.15989
40.22000,1.08001
40.23000,1.10712
40.24000,0.98767
40.25000,1.02537
40.26000,1.20743
40.27000,1.13659
40.28000,1.36576
40.29000,1.48063
40.30000,1.34580
40.31000,1.35188
40.32000,1.25652
40.33000,1.37016
40.34000,1.39607
40.35000,1.39854
40.36000,1.38330
40.37000,1.42782
40.38000,1.50556
40.39000,1.70442
40.40000,1.81587
40.41000,1.73271
40.42000,1.97770
40.43000,2.07686
40.44000,2.14352
40.45000,2.16249
40.46000,2.16271
40.47000,2.16829
40.48000,2.06456
40.49000,1.92267
40.50000,1.98194
40.51000,2.24035
40.52000,2.22609
40.53000,2.30079
40.54000,2.24586
40.55000,2.33415
40.56000,2.21747
40.57000,2.29471
40.58000,2.27010
40.59000,2.32239
40.60000,2.33408
40.61000,2.25719
40.62000,2.04254
40.63000,2.02313
40.64000,2.04693
40.65000,2.01082
40.66000,2.01080
40.67000,2.07046
40.68000,2.07089
40.69000,2.14280
40.70000,2.07789
40.71000,2.14684
40.72000,2.21097
40.73000,2.26306
40.74000,2.11106
40.75000,2.06719
40.76000,2.08378
40.77000,2.09724
40.78000,2.01157
40.79000,1.90539
40.80000,2.01575
40.81000,1.90716
40.82000,2.02563
40.83000,1.94461
40.84000,2.01202
40.85000,1.92585
40.86000,1.80532
40.87000,1.91001
40.88000,1.80383
40.89000,1.77686
40.90000,1.77830
40.91000,1.75580
40.92000,1.81118
40.93000,1.60408
40.94000,1.61141
40.95000,1.53810
40.96000,1.47374
40.97000,1.36435
40.98000,1.43914
40.99000,1.33304
41.00000,1.33726
41.01000,1.50938
41.02000,1.48325
41.03000,1.67181
41.04000,1.65240
41.05000,1.86043
41.06000,1.88534
41.07000,1.82099
41.08000,1.70657
41.09000,1.89035
41.10000,1.81973
41.11000,1.74416
41.12000,1.69062
41.13000,1.70530
41.14000,1.74150
41.15000,1.88742
41.16000,2.09352
41.17000,2.22243
41.18000,2.38106
41.19000,2.32859
41.20000,2.38276
41.21000,2.37993
41.22000,2.36519
41.23000,2.29025
41.24000,2.41768
41.25000,2.33575
41.26000,2.33293
41.27000,2.21518
41.28000,2.22955
41.29000,2.31739
41.30000,2.31627
41.31000,2.28570
41.32000,2.15952
41.33000,2.15623
41.34000,2.00172
41.35000,2.08608
41.36000,2.26981
41.37000,2.22372
41.38000,2.25214
41.39000,2.26936
41.40000,2.13736
41.41000,2.09844
41.42000,2.06536
41.43000,2.03330
41.44000,2.05246
41.45000,1.98735
41.46000,1.69153
41.47000,1.65435
41.48000,1.58959
41.49000,1.54684
41.50000,1.52790
41.51000,1.55674
41.52000,1.51176
41.53000,1.42812
41.54000,1.49801
41.55000,1.51260
41.56000,1.69367
41.57000,1.65178
41.58000,1.56962
41.59000,1.43429
41.60000,1.18137
41.61000,1.11682
41.62000,1.12771
41.63000,1.03081
41.64000,0.90499
41.65000,0.96032
41.66000,0.87591
41.67000,0.88499
41.68000,1.01993
41.69000,1.02570
41.70000,1.18610
41.71000,1.08527
41.72000,1.14757
41.73000,0.95446
41.74000,0.93321
41.75000,0.82662
41.76000,1.08730
41.77000,1.16792
41.78000,1.11761
41.79000,1.12641
41.80000,1.09501
41.81000,1.13534
41.82000,1.16479
41.83000,1.35531
41.84000,1.28174
41.85000,1.33509
41.86000,1.28927
41.87000,1.22365
41.88000,1.30134
41.89000,1.23425
41.90000,1.26697
41.91000,1.33525
41.92000,1.50337
41.93000,1.50669
41.94000,1.71108
41.95000,1.62555
41.96000,1.51542
41.97000,1.52258
41.98000,1.59720
41.99000,1.55864
42.00000,1.53721
42.01000,1.68608
42.02000,1.72363
42.03000,1.64260
42.04000,1.59740
42.05000,1.60136
42.06000,1.41268
42.07000,1.48467
42.08000,1.39788
42.09000,1.38209
42.10000,1.45359
42.11000,1.30686
42.12000,1.34459
42.13000,1.44796
42.14000,1.16084
42.15000,1.17239
42.16000,1.05648
42.17000,1.10550
42.18000,1.06185
42.19000,1.15457
42.20000,1.11932
42.21000,1.12920
42.22000,1.15903
42.23000,1.15600
42.24000,1.02064
42.25000,1.05519
42.26000,0.99754
42.27000,0.94636
42.28000,0.93257
42.29000,1.02817
42.30000,1.09151
42.31000,1.06227
42.32000,1.02231
42.33000,1.05021
42.34000,1.02358
42.35000,1.10797
42.36000,1.12003
42.37000,1.11942
42.38000,1.10899
42.39000,1.16363
42.40000,1.32092
42.41000,1.20322
42.42000,1.17307
42.43000,1.07889
42.44000,0.99683
42.45000,0.91402
42.46000,0.91421
42.47000,0.78602
42.48000,0.71809
42.49000,0.64168
42.50000,0.57541
42.51000,0.68951
42.52000,0.76321
42.53000,0.73929
42.54000,0.45850
42.55000,0.46314
42.56000,0.51604
42.57000,0.55228
42.58000,0.65126
42.59000,0.58140
42.60000,0.57971
42.61000,0.65163
42.62000,0.66402
42.63000,0.84604
42.64000,0.94806
42.65000,1.00922
42.66000,0.94630
42.67000,1.02432
42.68000,1.24142
42.69000,1.19764
42.70000,1.07403
42.71000,0.92434
42.72000,0.82506
42.73000,0.69328
42.74000,0.72747
42.75000,0.85552
42.76000,1.03983
42.77000,0.97183
42.78000,0.75792
42.79000,0.78401
42.80000,0.78246
42.81000,0.81667
42.82000,0.86100
42.83000,0.83532
42.84000,1.02427
42.85000,1.03589
42.86000,0.95525
42.87000,1.00647
42.88000,1.05050
42.89000,0.98234
42.90000,1.04446
42.91000,1.18292
42.92000,1.08018
42.93000,1.12588
42.94000,1.26237
42.95000,1.15616
42.96000,1.16117
42.97000,1.20969
42.98000,1.20388
42.99000,1.24899
43.00000,1.20732
43.01000,0.97589
43.02000,1.05521
43.03000,1.15908
43.04000,1.17171
43.05000,1.21637
43.06000,1.22156
43.07000,1.09244
43.08000,1.05354
43.09000,0.97485
43.10000,0.90146
43.11000,1.19088
43.12000,0.97619
43.13000,1.01037
43.14000,0.96771
43.15000,1.03165
43.16000,1.13736
43.17000,1.13697
43.18000,1.16761
43.19000,1.10604
43.20000,0.98469
43.21000,0.91793
43.22000,0.77471
43.23000,0.57575
43.24000,0.28450
43.25000,0.37699
43.26000,0.34913
43.27000,0.47139
43.28000,0.43878
43.29000,0.52301
43.30000,0.43376
43.31000,0.46870
43.32000,0.21897
43.33000,0.16761
43.34000,0.27669
43.35000,0.26624
43.36000,0.17138
43.37000,-0.01050
43.38000,0.02361
43.39000,-0.17299
43.40000,-0.19536
43.41000,-0.26736
43.42000,-0.11288
43.43000,-0.26443
43.44000,-0.24643
43.45000,-0.18672
43.46000,-0.17772
43.47000,-0.27450
43.48000,-0.11409
43.49000,-0.11401
43.50000,-0.07536
43.51000,-0.06909
43.52000,-0.03062
43.53000,-0.15648
43.54000,-0.20971
43.55000,-0.32218
43.56000,-0.41000
43.57000,-0.29813
43.58000,-0.31576
43.59000,-0.41235
43.60000,-0.41738
43.61000,-0.54422
43.62000,-0.69748
43.63000,-0.74788
43.64000,-0.78209
43.65000,-0.65657
43.66000,-0.80503
43.67000,-0.91556
43.68000,-0.88217
43.69000,-0.93132
43.70000,-1.08271
43.71000,-0.96676
43.72000,-1.15660
43.73000,-1.06836
43.74000,-1.15740
43.75000,-1.03373
43.76000,-0.99632
43.77000,-0.98434
43.78000,-0.97314
43.79000,-0.92078
43.80000,-0.94018
43.81000,-0.83610
43.82000,-0.84694
43.83000,-0.85730
43.84000,-0.90020
43.85000,-0.84850
43.86000,-0.77299
43.87000,-0.68760
43.88000,-0.60060
43.89000,-0.61189
43.90000,-0.70436
43.91000,-0.64319
43.92000,-0.57132
43.93000,-0.44900
43.94000,-0.35230
43.95000,-0.21179
43.96000,-0.17534
43.97000,-0.15585
43.98000,0.03658
43.99000,-0.07801
44.00000,-0.00218
44.01000,-0.05025
44.02000,0.02769
44.03000,0.11046
44.04000,-0.02704
44.05000,-0.04943
44.06000,0.01328
44.07000,0.08867
44.08000,0.17919
44.09000,0.26077
44.10000,0.39720
44.11000,0.36283
44.12000,0.49954
44.13000,0.71939
44.14000,0.74235
44.15000,0.58852
44.16000,0.57213
44.17000,0.55300
44.18000,0.59369
44.19000,0.46199
44.20000,0.55236
44.21000,0.53594
44.22000,0.56215
44.23000,0.66464
44.24000,0.53331
44.25000,0.51081
44.26000,0.33987
44.27000,0.29004
44.28000,0.37069
44.29000,0.40203
44.30000,0.38388
44.31000,0.35945
44.32000,0.23154
44.33000,0.23604
44.34000,0.15797
44.35000,0.16525
44.36000,0.28758
44.37000,0.32859
44.38000,0.39430
44.39000,0.22867
44.40000,0.14440
44.41000,0.17634
44.42000,0.14384
44.43000,0.12752
44.44000,0.25329
44.45000,0.23560
44.46000,0.19486
44.47000,0.27205
44.48000,0.35160
44.49000,0.34702
44.50000,0.27434
44.51000,0.29669
44.52000,0.24268
44.53000,0.07284
44.54000,0.07529
44.55000,0.07371
44.56000,0.08157
44.57000,0.00166
44.58000,0.20249
44.59000,0.13312
44.60000,0.11565
44.61000,0.07414
44.62000,0.04505
44.63000,0.08752
44.64000,0.07516
44.65000,0.06156
44.66000,-0.07920
44.67000,-0.10218
44.68000,-0.16276
44.69000,-0.18905
44.70000,-0.03237
44.71000,-0.01186
44.72000,-0.13748
44.73000,-0.16470
44.74000,-0.26083
44.75000,-0.32474
44.76000,-0.21654
44.77000,-0.45008
44.78000,-0.41184
44.79000,-0.40548
44.80000,-0.54682
44.81000,-0.57210
44.82000,-0.62942
44.83000,-0.74375
44.84000,-0.84057
44.85000,-0.85385
44.86000,-0.88373
44.87000,-0.59686
44.88000,-0.64150
44.89000,-0.59097
44.90000,-0.47448
44.91000,-0.51180
44.92000,-0.34816
44.93000,-0.43930
44.94000,-0.40676
44.95000,-0.48134
44.96000,-0.56972
44.97000,-0.67051
44.98000,-0.73175
44.99000,-0.86164
45.00000,-0.89903
45.01000,-0.95606
45.02000,-1.06577
45.03000,-1.14684
45.04000,-1.30911
45.05000,-1.37332
45.06000,-1.50947
45.07000,-1.66524
45.08000,-1.55699
45.09000,-1.58058
45.10000,-1.46714
45.11000,-1.36251
45.12000,-1.42160
45.13000,-1.33989
45.14000,-1.32525
45.15000,-1.34289
45.16000,-1.33161
45.17000,-1.25865
45.18000,-1.22395
45.19000,-1.27825
45.20000,-1.16626
45.21000,-1.25114
45.22000,-1.09624
45.23000,-1.03542
45.24000,-1.18666
45.25000,-1.18553
45.26000,-1.25369
45.27000,-1.28449
45.28000,-1.36344
45.29000,-1.51996
45.30000,-1.57767
45.31000,-1.53685
45.32000,-1.45892
45.33000,-1.39473
45.34000,-1.30927
45.35000,-1.28978
45.36000,-1.29672
45.37000,-1.44396
45.38000,-1.49727
45.39000,-1.24661
45.40000,-1.17298
45.41000,-1.20918
45.42000,-1.13767
45.43000,-1.14209
45.44000,-1.03355
45.45000,-1.06246
45.46000,-1.00288
45.47000,-0.93001
45.48000,-1.00400
45.49000,-1.01506
45.50000,-0.90877
45.51000,-0.87821
45.52000,-0.81804
45.53000,-0.94161
45.54000,-1.08323
45.55000,-1.00617
45.56000,-1.10954
45.57000,-0.87224
45.58000,-0.84449
45.59000,-0.89692
45.60000,-0.87163
45.61000,-0.95814
45.62000,-0.88854
45.63000,-0.83640
45.64000,-0.87574
45.65000,-0.90439
45.66000,-0.91489
45.67000,-0.79833
45.68000,-0.65515
45.69000,-0.47346
45.70000,-0.51851
45.71000,-0.58555
45.72000,-0.73094
45.73000,-0.83663
45.74000,-0.79462
45.75000,-0.80929
45.76000,-0.84512
45.77000,-0.83719
45.78000,-1.03172
45.79000,-0.91487
45.80000,-0.94020
45.81000,-1.02581
45.82000,-0.94983
45.83000,-0.99632
45.84000,-1.16587
45.85000,-1.19404
45.86000,-1.31252
45.87000,-1.21138
45.88000,-1.28377
45.89000,-1.40559
45.90000,-1.44945
45.91000,-1.60301
45.92000,-1.45586
45.93000,-1.33476
45.94000,-1.43593
45.95000,-1.46805
45.96000,-1.48640
45.97000,-1.52956
45.98000,-1.43755
45.99000,-1.52776
46.00000,-1.49446
46.01000,-1.40391
46.02000,-1.52883
46.03000,-1.47831
46.04000,-1.46229
46.05000,-1.40238
46.06000,-1.30700
46.07000,-1.18974
46.08000,-1.13497
46.09000,-1.22997
46.10000,-1.14694
46.11000,-1.18169
46.12000,-1.30878
46.13000,-1.34725
46.14000,-1.47414
46.15000,-1.44953
46.16000,-1.40599
46.17000,-1.46017
46.18000,-1.67558
46.19000,-1.70755
46.20000,-1.86695
46.21000,-1.81381
46.22000,-1.71956
46.23000,-1.69763
46.24000,-1.62290
46.25000,-1.60410
46.26000,-1.64768
46.27000,-1.53725
46.28000,-1.55475
46.29000,-1.59622
46.30000,-1.69525
46.31000,-1.78316
46.32000,-1.80990
46.33000,-2.02631
46.34000,-1.80093
46.35000,-1.66629
46.36000,-1.66024
46.37000,-1.57566
46.38000,-1.67717
46.39000,-1.50963
46.40000,-1.56419
46.41000,-1.60193
46.42000,-1.46006
46.43000,-1.49349
46.44000,-1.49258
46.45000,-1.54101
46.46000,-1.38047
46.47000,-1.38766
46.48000,-1.21552
46.49000,-1.31810
46.50000,-1.27548
46.51000,-1.28571
46.52000,-1.25740
46.53000,-1.19882
46.54000,-1.22941
46.55000,-1.15909
46.56000,-1.14666
46.57000,-0.98733
46.58000,-1.00373
46.59000,-1.04056
46.60000,-0.95473
46.61000,-0.91660
46.62000,-0.84063
46.63000,-0.78812
46.64000,-0.81883
46.65000,-0.90507
46.66000,-0.99112
46.67000,-1.12225
46.68000,-1.21228
46.69000,-1.27695
46.70000,-1.22652
46.71000,-1.09302
46.72000,-1.07625
46.73000,-1.02866
46.74000,-0.92632
46.75000,-0.81417
46.76000,-1.01198
46.77000,-0.79655
46.78000,-0.71001
46.79000,-0.80586
46.80000,-0.76538
46.81000,-0.71797
46.82000,-0.76294
46.83000,-0.55107
46.84000,-0.58199
46.85000,-0.53469
46.86000,-0.65049
46.87000,-0.67093
46.88000,-0.53932
46.89000,-0.43886
46.90000,-0.39004
46.91000,-0.79012
46.92000,-0.74120
46.93000,-0.73342
46.94000,-0.73014
46.95000,-0.81876
46.96000,-0.84895
46.97000,-1.03209
46.98000,-1.07042
46.99000,-0.92892
47.00000,-1.01803
47.01000,-0.83961
47.02000,-0.77960
47.03000,-0.68168
47.04000,-0.95848
47.05000,-1.17687
47.06000,-1.20437
47.07000,-1.23624
47.08000,-1.51715
47.09000,-1.33707
47.10000,-1.46723
47.11000,-1.34748
47.12000,-1.38347
47.13000,-1.30476
47.14000,-1.12394
47.15000,-1.17545
47.16000,-1.06412
47.17000,-0.98900
47.18000,-0.87056
47.19000,-0.83769
47.20000,-0.63334
47.21000,-0.46597
47.22000,-0.21932
47.23000,-0.16517
47.24000,-0.11877
47.25000,-0.24029
47.26000,-0.34024
47.27000,-0.52417
47.28000,-0.41061
47.29000,-0.29642
47.30000,-0.27293
47.31000,-0.22973
47.32000,-0.08061
47.33000,-0.07183
47.34000,-0.12611
47.35000,0.03846
47.36000,-0.12066
47.37000,-0.20935
47.38000,-0.16371
47.39000,-0.05133
47.40000,0.01508
47.41000,0.13783
47.42000,0.09241
47.43000,0.24451
47.44000,0.20092
47.45000,0.22635
47.46000,0.35780
47.47000,0.22796
47.48000,0.35994
47.49000,0.43742
47.50000,0.45530
47.51000,0.62237
47.52000,0.80981
47.53000,1.01951
47.54000,1.16864
47.55000,1.05397
47.56000,0.94780
47.57000,0.92651
47.58000,0.78017
47.59000,0.79810
47.60000,0.70367
47.61000,0.61011
47.62000,0.70516
47.63000,0.74155
47.64000,0.78115
47.65000,0.66674
47.66000,0.66104
47.67000,0.62139
47.68000,0.64816
47.69000,0.63155
47.70000,0.73950
47.71000,0.61508
47.72000,0.40822
47.73000,0.56212
47.74000,0.64826
47.75000,0.59330
47.76000,0.48908
47.77000,0.50617
47.78000,0.57916
47.79000,0.48515
47.80000,0.32898
47.81000,0.25159
47.82000,0.38515
47.83000,0.39678
47.84000,0.39111
47.85000,0.30827
47.86000,0.24988
47.87000,0.35910
47.88000,0.38021
47.89000,0.41337
47.90000,0.46630
47.91000,0.57449
47.92000,0.45370
47.93000,0.51177
47.94000,0.50806
47.95000,0.60366
47.96000,0.47437
47.97000,0.44692
47.98000,0.30468
47.99000,0.38268
48.00000,0.50455
48.01000,0.36034
48.02000,0.24508
48.03000,0.33329
48.04000,0.23142
48.05000,0.39762
48.06000,0.37541
48.07000,0.40008
48.08000,0.35930
48.09000,0.47524
48.10000,0.45399
48.11000,0.63394
48.12000,0.60257
48.13000,0.51607
48.14000,0.65615
48.15000,0.70197
48.16000,0.49905
48.17000,0.52270
48.18000,0.60011
48.19000,0.62649
48.20000,0.56047
48.21000,0.47769
48.22000,0.42909
48.23000,0.23460
48.24000,0.40524
48.25000,0.53169
48.26000,0.56793
48.27000,0.69141
48.28000,0.80881
48.29000,0.87757
48.30000,0.70152
48.31000,0.89194
48.32000,0.79562
48.33000,0.71529
48.34000,0.82182
48.35000,0.74863
48.36000,0.78120
48.37000,0.62125
48.38000,0.70518
48.39000,0.59674
48.40000,0.55030
48.41000,0.64238
48.42000,0.67894
48.43000,1.00760
48.44000,0.91026
48.45000,0.91843
48.46000,0.92576
48.47000,0.99466
48.48000,1.01008
48.49000,1.04761
48.50000,1.19445
48.51000,1.35481
48.52000,1.19352
48.53000,1.15592
48.54000,1.13436
48.55000,1.07945
48.56000,0.99411
48.57000,0.98270
48.58000,0.90799
48.59000,0.84042
48.60000,0.81429
48.61000,0.85419
48.62000,1.08845
48.63000,0.83933
48.64000,0.91975
48.65000,0.79895
48.66000,0.80468
48.67000,0.74974
48.68000,0.90590
48.69000,0.69166
48.70000,0.49098
48.71000,0.55375
48.72000,0.46535
48.73000,0.39700
48.74000,0.35114
48.75000,0.34281
48.76000,0.58301
48.77000,0.74881
48.78000,0.69676
48.79000,0.69682
48.80000,0.59207
48.81000,0.49168
48.82000,0.56017
48.83000,0.52073
48.84000,0.49003
48.85000,0.48123
48.86000,0.48216
48.87000,0.58902
48.88000,0.55165
48.89000,0.68944
48.90000,0.72313
48.91000,0.71022
48.92000,0.72803
48.93000,0.71352
48.94000,0.59537
48.95000,0.53933
48.96000,0.52241
48.97000,0.49341
48.98000,0.41698
48.99000,0.44390
49.00000,0.35850
49.01000,0.46210
49.02000,0.39520
49.03000,0.49802
49.04000,0.51730
49.05000,0.40332
49.06000,0.39618
49.07000,0.49733
49.08000,0.68644
49.09000,0.74836
49.10000,0.76698
49.11000,0.79403
49.12000,0.83635
49.13000,0.97519
49.14000,1.04612
49.15000,1.20654
49.16000,1.23644
49.17000,1.18401
49.18000,1.28144
49.19000,1.12284
49.20000,1.12338
49.21000,1.07231
49.22000,1.01544
49.23000,0.82939
49.24000,0.88695
49.25000,0.81977
49.26000,0.75625
49.27000,0.83430
49.28000,0.87460
49.29000,0.71221
49.30000,0.82334
49.31000,0.94560
49.32000,0.88206
49.33000,0.89415
49.34000,0.92916
49.35000,0.94259
49.36000,0.93267
49.37000,0.83565
49.38000,0.90960
49.39000,1.11454
49.40000,1.19872
49.41000,1.30477
49.42000,1.42577
49.43000,1.41444
49.44000,1.39275
49.45000,1.48479
49.46000,1.44488
49.47000,1.42893
49.48000,1.43011
49.49000,1.31056
49.50000,1.15664
49.51000,1.20080
49.52000,1.35449
49.53000,1.23133
49.54000,1.29632
49.55000,1.23855
49.56000,1.25629
49.57000,1.33758
49.58000,1.46978
49.59000,1.29299
49.60000,1.32888
49.61000,1.40247
49.62000,1.29553
49.63000,1.10989
49.64000,1.11074
49.65000,0.98069
49.66000,0.82086
49.67000,0.96335
49.68000,1.10988
49.69000,1.22902
49.70000,1.21440
49.71000,1.36698
49.72000,1.43159
49.73000,1.33230
49.74000,1.55115
49.75000,1.56110
49.76000,1.68091
49.77000,1.73429
49.78000,1.77228
49.79000,1.81667
49.80000,1.79207
49.81000,1.59764
49.82000,1.62594
49.83000,1.64282
49.84000,1.59528
49.85000,1.62216
49.86000,1.61129
49.87000,1.61560
49.88000,1.49350
49.89000,1.34527
49.90000,1.49860
49.91000,1.52467
49.92000,1.63675
49.93000,1.81768
49.94000,1.75797
49.95000,1.73847
49.96000,1.79239
49.97000,1.66056
49.98000,1.76311
49.99000,1.80305
